collection_title,folder_title,field,role,relative_path,flat_filename,file_size_kb,original_url,cloudflare_url_template,status
Discover,New Movies,coverImageUrl,cover,discover/new-movies/cover.png,discover__new-movies__cover.png,33.7,https://raw.githubusercontent.com/ImKaptain/nuvio-art/main/art/discover/new-movies/new-movies-cover.png,https://<YOUR_CLOUDFLARE_DOMAIN>/discover/new-movies/cover.png,SUCCESS
Discover,New Movies,titleLogoUrl,logo,discover/new-movies/logo.png,discover__new-movies__logo.png,17.37,https://raw.githubusercontent.com/ImKaptain/nuvio-assets/main/TitleLogos/NEW_MOVIES_TitleLogo_v2.png,https://<YOUR_CLOUDFLARE_DOMAIN>/discover/new-movies/logo.png,SUCCESS
Discover,New Movies,focusGifUrl,hover,discover/new-movies/hover.png,discover__new-movies__hover.png,158.54,https://raw.githubusercontent.com/ImKaptain/nuvio-art/main/art/discover/new-movies/new-movies-hover.png,https://<YOUR_CLOUDFLARE_DOMAIN>/discover/new-movies/hover.png,SUCCESS
Discover,New Movies,heroBackdropUrl,backdrop,discover/new-movies/backdrop.png,discover__new-movies__backdrop.png,1653.78,https://raw.githubusercontent.com/ImKaptain/nuvio-assets/main/Trending%20_%20New/New%20Movies/New%20Movies_Background.jpg,https://<YOUR_CLOUDFLARE_DOMAIN>/discover/new-movies/backdrop.png,SUCCESS
Discover,New Series,coverImageUrl,cover,discover/new-series/cover.png,discover__new-series__cover.png,30.96,https://raw.githubusercontent.com/ImKaptain/nuvio-art/main/art/discover/new-series/new-series-cover.png,https://<YOUR_CLOUDFLARE_DOMAIN>/discover/new-series/cover.png,SUCCESS
Discover,New Series,titleLogoUrl,logo,discover/new-series/logo.png,discover__new-series__logo.png,16.47,https://raw.githubusercontent.com/ImKaptain/nuvio-assets/main/TitleLogos/NEW_SERIES_TitleLogo_v2.png,https://<YOUR_CLOUDFLARE_DOMAIN>/discover/new-series/logo.png,SUCCESS
Discover,New Series,focusGifUrl,hover,discover/new-series/hover.png,discover__new-series__hover.png,143.93,https://raw.githubusercontent.com/ImKaptain/nuvio-art/main/art/discover/new-series/new-series-hover.png,https://<YOUR_CLOUDFLARE_DOMAIN>/discover/new-series/hover.png,SUCCESS
Discover,New Series,heroBackdropUrl,backdrop,discover/new-series/backdrop.webp,discover__new-series__backdrop.webp,120.45,https://imkaptain.github.io/nuvio-assets/assets/images/6671230f.webp,https://<YOUR_CLOUDFLARE_DOMAIN>/discover/new-series/backdrop.webp,SUCCESS
Discover,Trending Movies,coverImageUrl,cover,discover/trending-movies/cover.png,discover__trending-movies__cover.png,42.15,https://raw.githubusercontent.com/ImKaptain/nuvio-art/main/art/discover/trending-movies/trending-movies-cover.png,https://<YOUR_CLOUDFLARE_DOMAIN>/discover/trending-movies/cover.png,SUCCESS
Discover,Trending Movies,titleLogoUrl,logo,discover/trending-movies/logo.png,discover__trending-movies__logo.png,24.87,https://raw.githubusercontent.com/ImKaptain/nuvio-assets/main/TitleLogos/TRENDING_MOVIES_TitleLogo_v2.png,https://<YOUR_CLOUDFLARE_DOMAIN>/discover/trending-movies/logo.png,SUCCESS
Discover,Trending Movies,focusGifUrl,hover,discover/trending-movies/hover.png,discover__trending-movies__hover.png,208.81,https://raw.githubusercontent.com/ImKaptain/nuvio-art/main/art/discover/trending-movies/trending-movies-hover.png,https://<YOUR_CLOUDFLARE_DOMAIN>/discover/trending-movies/hover.png,SUCCESS
Discover,Trending Movies,heroBackdropUrl,backdrop,discover/trending-movies/backdrop.webp,discover__trending-movies__backdrop.webp,138.47,https://imkaptain.github.io/nuvio-assets/assets/images/1934d756.webp,https://<YOUR_CLOUDFLARE_DOMAIN>/discover/trending-movies/backdrop.webp,SUCCESS
Discover,Trending Series,coverImageUrl,cover,discover/trending-series/cover.png,discover__trending-series__cover.png,39.18,https://raw.githubusercontent.com/ImKaptain/nuvio-art/main/art/discover/trending-tv/trending-tv-cover.png,https://<YOUR_CLOUDFLARE_DOMAIN>/discover/trending-series/cover.png,SUCCESS
Discover,Trending Series,titleLogoUrl,logo,discover/trending-series/logo.png,discover__trending-series__logo.png,18.02,https://raw.githubusercontent.com/ImKaptain/nuvio-assets/main/TitleLogos/TRENDING_TV_TitleLogo_v2.png,https://<YOUR_CLOUDFLARE_DOMAIN>/discover/trending-series/logo.png,SUCCESS
Discover,Trending Series,focusGifUrl,hover,discover/trending-series/hover.png,discover__trending-series__hover.png,195.88,https://raw.githubusercontent.com/ImKaptain/nuvio-art/main/art/discover/trending-tv/trending-tv-hover.png,https://<YOUR_CLOUDFLARE_DOMAIN>/discover/trending-series/hover.png,SUCCESS
Discover,Trending Series,heroBackdropUrl,backdrop,discover/trending-series/backdrop.webp,discover__trending-series__backdrop.webp,152.67,https://imkaptain.github.io/nuvio-assets/assets/images/1d5e1036.webp,https://<YOUR_CLOUDFLARE_DOMAIN>/discover/trending-series/backdrop.webp,SUCCESS
Discover,Top Streaming Movies,coverImageUrl,cover,discover/top-streaming-movies/cover.png,discover__top-streaming-movies__cover.png,60.31,https://raw.githubusercontent.com/ImKaptain/nuvio-art/main/art/discover/top-streaming-movies/top-streaming-movies-cover.png,https://<YOUR_CLOUDFLARE_DOMAIN>/discover/top-streaming-movies/cover.png,SUCCESS
Discover,Top Streaming Movies,titleLogoUrl,logo,discover/top-streaming-movies/logo.png,discover__top-streaming-movies__logo.png,21.85,https://raw.githubusercontent.com/ImKaptain/nuvio-assets/main/TitleLogos/TOP_STREAMING_TitleLogo.png,https://<YOUR_CLOUDFLARE_DOMAIN>/discover/top-streaming-movies/logo.png,SUCCESS
Discover,Top Streaming Movies,focusGifUrl,hover,discover/top-streaming-movies/hover.png,discover__top-streaming-movies__hover.png,353.76,https://raw.githubusercontent.com/ImKaptain/nuvio-art/main/art/discover/top-streaming-movies/top-streaming-movies-hover.gif,https://<YOUR_CLOUDFLARE_DOMAIN>/discover/top-streaming-movies/hover.png,SUCCESS
Discover,Top Streaming Movies,heroBackdropUrl,backdrop,discover/top-streaming-movies/backdrop.jpg,discover__top-streaming-movies__backdrop.jpg,407.89,https://raw.githubusercontent.com/bramst0ne/prism-wallpapers/refs/heads/main/collections/curated/top-rated/backdrops/t2_flat_1080p.jpg,https://<YOUR_CLOUDFLARE_DOMAIN>/discover/top-streaming-movies/backdrop.jpg,SUCCESS
Discover,Top Streaming Series,coverImageUrl,cover,discover/top-streaming-series/cover.png,discover__top-streaming-series__cover.png,60.31,https://raw.githubusercontent.com/ImKaptain/nuvio-art/main/art/discover/top-streaming-movies/top-streaming-movies-cover.png,https://<YOUR_CLOUDFLARE_DOMAIN>/discover/top-streaming-series/cover.png,SUCCESS
Discover,Top Streaming Series,focusGifUrl,hover,discover/top-streaming-series/hover.png,discover__top-streaming-series__hover.png,353.76,https://raw.githubusercontent.com/ImKaptain/nuvio-art/main/art/discover/top-streaming-movies/top-streaming-movies-hover.gif,https://<YOUR_CLOUDFLARE_DOMAIN>/discover/top-streaming-series/hover.png,SUCCESS
Discover,Top Streaming Series,heroBackdropUrl,backdrop,discover/top-streaming-series/backdrop.jpg,discover__top-streaming-series__backdrop.jpg,407.89,https://raw.githubusercontent.com/bramst0ne/prism-wallpapers/refs/heads/main/collections/curated/top-rated/backdrops/t2_flat_1080p.jpg,https://<YOUR_CLOUDFLARE_DOMAIN>/discover/top-streaming-series/backdrop.jpg,SUCCESS
Streaming Services,Netflix,coverImageUrl,cover,streaming-services/netflix/cover.webp,streaming-services__netflix__cover.webp,1.39,https://imkaptain.github.io/nuvio-assets/assets/images/49571953.webp,https://<YOUR_CLOUDFLARE_DOMAIN>/streaming-services/netflix/cover.webp,SUCCESS
Streaming Services,Netflix,titleLogoUrl,logo,streaming-services/netflix/logo.png,streaming-services__netflix__logo.png,61.6,https://github.com/bramst0ne/prism-wallpapers/blob/main/collections/networks/213-netflix/logos/color/213_color_1.png?raw=true,https://<YOUR_CLOUDFLARE_DOMAIN>/streaming-services/netflix/logo.png,SUCCESS
Streaming Services,Netflix,focusGifUrl,hover,streaming-services/netflix/hover.gif,streaming-services__netflix__hover.gif,3480.03,https://64.media.tumblr.com/9f93a9fc2e02fb466eb02a7d2247cb6e/a5b604d3737fc559-49/s500x750/403804744183922f6091d48139021fc3da22f786.gifv,https://<YOUR_CLOUDFLARE_DOMAIN>/streaming-services/netflix/hover.gif,SUCCESS
Streaming Services,Netflix,heroBackdropUrl,backdrop,streaming-services/netflix/backdrop.jpg,streaming-services__netflix__backdrop.jpg,446.97,https://github.com/bramst0ne/prism-wallpapers/blob/main/collections/networks/213-netflix/backdrops/t2_flat_1080p.jpg?raw=true,https://<YOUR_CLOUDFLARE_DOMAIN>/streaming-services/netflix/backdrop.jpg,SUCCESS
Streaming Services,Apple TV+,coverImageUrl,cover,streaming-services/apple-tv-plus/cover.webp,streaming-services__apple-tv-plus__cover.webp,1.98,https://imkaptain.github.io/nuvio-assets/assets/images/4d8f0a8f.webp,https://<YOUR_CLOUDFLARE_DOMAIN>/streaming-services/apple-tv-plus/cover.webp,SUCCESS
Streaming Services,Apple TV+,titleLogoUrl,logo,streaming-services/apple-tv-plus/logo.png,streaming-services__apple-tv-plus__logo.png,440.66,https://github.com/bramst0ne/prism-wallpapers/blob/main/collections/networks/2552-apple-tv/logos/color/2552_color_1.png?raw=true,https://<YOUR_CLOUDFLARE_DOMAIN>/streaming-services/apple-tv-plus/logo.png,SUCCESS
Streaming Services,Apple TV+,focusGifUrl,hover,streaming-services/apple-tv-plus/hover.gif,streaming-services__apple-tv-plus__hover.gif,3189.56,https://64.media.tumblr.com/d717319220a7d26bdaa88e72f6f76889/d9a7a808f588d8f4-63/s500x750/959b0ca57f53153b2ca9adaf414859e45e3734e6.gifv,https://<YOUR_CLOUDFLARE_DOMAIN>/streaming-services/apple-tv-plus/hover.gif,SUCCESS
Streaming Services,Apple TV+,heroBackdropUrl,backdrop,streaming-services/apple-tv-plus/backdrop.jpg,streaming-services__apple-tv-plus__backdrop.jpg,394.84,https://github.com/bramst0ne/prism-wallpapers/blob/main/collections/networks/2552-apple-tv/backdrops/t2_flat_1080p.jpg?raw=true,https://<YOUR_CLOUDFLARE_DOMAIN>/streaming-services/apple-tv-plus/backdrop.jpg,SUCCESS
Streaming Services,Hulu,coverImageUrl,cover,streaming-services/hulu/cover.webp,streaming-services__hulu__cover.webp,1.81,https://imkaptain.github.io/nuvio-assets/assets/images/3a4d1b46.webp,https://<YOUR_CLOUDFLARE_DOMAIN>/streaming-services/hulu/cover.webp,SUCCESS
Streaming Services,Hulu,titleLogoUrl,logo,streaming-services/hulu/logo.png,streaming-services__hulu__logo.png,38.34,https://github.com/bramst0ne/prism-wallpapers/blob/main/collections/networks/453-hulu/logos/color/453_color_1.png?raw=true,https://<YOUR_CLOUDFLARE_DOMAIN>/streaming-services/hulu/logo.png,SUCCESS
Streaming Services,Hulu,focusGifUrl,hover,streaming-services/hulu/hover.gif,streaming-services__hulu__hover.gif,3678.96,https://64.media.tumblr.com/3a7015de27b570e421a0182a66d0a69b/0ec3a7379449b39d-2d/s1280x1920/962f0dcfa0a2458bd6bf923ff47776f2404bf43a.gifv,https://<YOUR_CLOUDFLARE_DOMAIN>/streaming-services/hulu/hover.gif,SUCCESS
Streaming Services,Hulu,heroBackdropUrl,backdrop,streaming-services/hulu/backdrop.jpg,streaming-services__hulu__backdrop.jpg,473.22,https://raw.githubusercontent.com/bramst0ne/prism-wallpapers/main/collections/providers/15-hulu/backdrops/t2_flat_1080p.jpg,https://<YOUR_CLOUDFLARE_DOMAIN>/streaming-services/hulu/backdrop.jpg,SUCCESS
Streaming Services,Prime Video,coverImageUrl,cover,streaming-services/prime-video/cover.webp,streaming-services__prime-video__cover.webp,4.08,https://imkaptain.github.io/nuvio-assets/assets/images/5c86c888.webp,https://<YOUR_CLOUDFLARE_DOMAIN>/streaming-services/prime-video/cover.webp,SUCCESS
Streaming Services,Prime Video,titleLogoUrl,logo,streaming-services/prime-video/logo.webp,streaming-services__prime-video__logo.webp,18.44,https://imkaptain.github.io/nuvio-assets/assets/images/f9b1d40a.webp,https://<YOUR_CLOUDFLARE_DOMAIN>/streaming-services/prime-video/logo.webp,SUCCESS
Streaming Services,Prime Video,focusGifUrl,hover,streaming-services/prime-video/hover.webp,streaming-services__prime-video__hover.webp,2551.2,https://64.media.tumblr.com/5c5ed8bf948c5b3ca63a11544b94c720/55dbe5d6db4b66a5-bf/s500x750/d6686beaab57aa152f1b92a4562f757a1c522a2f.gifv,https://<YOUR_CLOUDFLARE_DOMAIN>/streaming-services/prime-video/hover.webp,SUCCESS
Streaming Services,Prime Video,heroBackdropUrl,backdrop,streaming-services/prime-video/backdrop.jpg,streaming-services__prime-video__backdrop.jpg,384.11,https://raw.githubusercontent.com/bramst0ne/prism-wallpapers/main/collections/providers/9-amazon-prime-video/backdrops/t2_flat_1080p.jpg,https://<YOUR_CLOUDFLARE_DOMAIN>/streaming-services/prime-video/backdrop.jpg,SUCCESS
Streaming Services,AMC+,coverImageUrl,cover,streaming-services/amc-plus/cover.png,streaming-services__amc-plus__cover.png,80.46,https://raw.githubusercontent.com/ImKaptain/nuvio-art/main/art/streaming-services/amcplus/amcplus-cover.png,https://<YOUR_CLOUDFLARE_DOMAIN>/streaming-services/amc-plus/cover.png,SUCCESS
Streaming Services,AMC+,titleLogoUrl,logo,streaming-services/amc-plus/logo.png,streaming-services__amc-plus__logo.png,146.55,https://raw.githubusercontent.com/ImKaptain/nuvio-assets/main/collections/providers/526-amc/logos/color/4661_amc_1.png,https://<YOUR_CLOUDFLARE_DOMAIN>/streaming-services/amc-plus/logo.png,SUCCESS
Streaming Services,AMC+,focusGifUrl,hover,streaming-services/amc-plus/hover.gif,streaming-services__amc-plus__hover.gif,402.76,https://raw.githubusercontent.com/ImKaptain/nuvio-art/main/art/streaming-services/amcplus/amcplus-hover.gif,https://<YOUR_CLOUDFLARE_DOMAIN>/streaming-services/amc-plus/hover.gif,SUCCESS
Streaming Services,AMC+,heroBackdropUrl,backdrop,streaming-services/amc-plus/backdrop.jpg,streaming-services__amc-plus__backdrop.jpg,389.45,https://raw.githubusercontent.com/ImKaptain/nuvio-assets/main/collections/providers/526-amc/backdrops/t2_flat_1080p.jpg,https://<YOUR_CLOUDFLARE_DOMAIN>/streaming-services/amc-plus/backdrop.jpg,SUCCESS
Streaming Services,Crave,coverImageUrl,cover,streaming-services/crave/cover.png,streaming-services__crave__cover.png,25.22,https://raw.githubusercontent.com/ImKaptain/nuvio-art/main/art/streaming-services/crave/crave-cover.png,https://<YOUR_CLOUDFLARE_DOMAIN>/streaming-services/crave/cover.png,SUCCESS
Streaming Services,Crave,focusGifUrl,hover,streaming-services/crave/hover.gif,streaming-services__crave__hover.gif,1398.11,https://raw.githubusercontent.com/ImKaptain/nuvio-art/main/art/streaming-services/crave/crave-hover.gif,https://<YOUR_CLOUDFLARE_DOMAIN>/streaming-services/crave/hover.gif,SUCCESS
Streaming Services,Crave,heroBackdropUrl,backdrop,streaming-services/crave/backdrop.jpg,streaming-services__crave__backdrop.jpg,1294.37,https://raw.githubusercontent.com/ImKaptain/nuvio-art/main/art/streaming-services/crave/crave-backdrop.jpg,https://<YOUR_CLOUDFLARE_DOMAIN>/streaming-services/crave/backdrop.jpg,SUCCESS
Streaming Services,Criterion,coverImageUrl,cover,streaming-services/criterion/cover.png,streaming-services__criterion__cover.png,126.84,https://raw.githubusercontent.com/ImKaptain/nuvio-art/main/art/streaming-services/criterion-channel/criterion-channel-cover.png,https://<YOUR_CLOUDFLARE_DOMAIN>/streaming-services/criterion/cover.png,SUCCESS
Streaming Services,Criterion,titleLogoUrl,logo,streaming-services/criterion/logo.png,streaming-services__criterion__logo.png,43.85,https://raw.githubusercontent.com/bramst0ne/prism-wallpapers/main/collections/providers/258-criterion-channel/logos/white/258_white_1.png,https://<YOUR_CLOUDFLARE_DOMAIN>/streaming-services/criterion/logo.png,SUCCESS
Streaming Services,Criterion,focusGifUrl,hover,streaming-services/criterion/hover.gif,streaming-services__criterion__hover.gif,590.38,https://raw.githubusercontent.com/ImKaptain/nuvio-art/main/art/streaming-services/criterion-channel/criterion-channel-hover.gif,https://<YOUR_CLOUDFLARE_DOMAIN>/streaming-services/criterion/hover.gif,SUCCESS
Streaming Services,Criterion,heroBackdropUrl,backdrop,streaming-services/criterion/backdrop.jpg,streaming-services__criterion__backdrop.jpg,380.65,https://raw.githubusercontent.com/bramst0ne/prism-wallpapers/main/collections/providers/258-criterion-channel/backdrops/t2_flat_1080p.jpg,https://<YOUR_CLOUDFLARE_DOMAIN>/streaming-services/criterion/backdrop.jpg,SUCCESS
Streaming Services,Crunchyroll,coverImageUrl,cover,streaming-services/crunchyroll/cover.webp,streaming-services__crunchyroll__cover.webp,4.08,https://imkaptain.github.io/nuvio-assets/assets/images/129a4038.webp,https://<YOUR_CLOUDFLARE_DOMAIN>/streaming-services/crunchyroll/cover.webp,SUCCESS
Streaming Services,Crunchyroll,titleLogoUrl,logo,streaming-services/crunchyroll/logo.png,streaming-services__crunchyroll__logo.png,31.96,https://upload.wikimedia.org/wikipedia/commons/thumb/d/de/Crunchyroll_logo_2024.png/960px-Crunchyroll_logo_2024.png?_=20240720022613,https://<YOUR_CLOUDFLARE_DOMAIN>/streaming-services/crunchyroll/logo.png,SUCCESS
Streaming Services,Crunchyroll,focusGifUrl,hover,streaming-services/crunchyroll/hover.gif,streaming-services__crunchyroll__hover.gif,525.13,https://cdn.dribbble.com/userupload/42119533/file/original-3c24d9649543096949cc4262451501b7.gif,https://<YOUR_CLOUDFLARE_DOMAIN>/streaming-services/crunchyroll/hover.gif,SUCCESS
Streaming Services,Crunchyroll,heroBackdropUrl,backdrop,streaming-services/crunchyroll/backdrop.jpg,streaming-services__crunchyroll__backdrop.jpg,487.6,https://raw.githubusercontent.com/bramst0ne/prism-wallpapers/main/collections/providers/283-crunchyroll/backdrops/t2_flat_1080p.jpg,https://<YOUR_CLOUDFLARE_DOMAIN>/streaming-services/crunchyroll/backdrop.jpg,SUCCESS
Streaming Services,Curiosity Stream,coverImageUrl,cover,streaming-services/curiosity-stream/cover.png,streaming-services__curiosity-stream__cover.png,314.88,https://raw.githubusercontent.com/ImKaptain/nuvio-art/main/art/streaming-services/curiosity-stream/curiosity-stream-cover.png,https://<YOUR_CLOUDFLARE_DOMAIN>/streaming-services/curiosity-stream/cover.png,SUCCESS
Streaming Services,Curiosity Stream,titleLogoUrl,logo,streaming-services/curiosity-stream/logo.webp,streaming-services__curiosity-stream__logo.webp,8.29,https://upload.wikimedia.org/wikipedia/commons/thumb/3/37/CuriosityStream.svg/960px-CuriosityStream.svg.png?_=20200418093832,https://<YOUR_CLOUDFLARE_DOMAIN>/streaming-services/curiosity-stream/logo.webp,SUCCESS
Streaming Services,Curiosity Stream,focusGifUrl,hover,streaming-services/curiosity-stream/hover.gif,streaming-services__curiosity-stream__hover.gif,3956.91,https://raw.githubusercontent.com/ImKaptain/nuvio-art/main/art/streaming-services/curiosity-stream/curiosity-stream-hover.gif,https://<YOUR_CLOUDFLARE_DOMAIN>/streaming-services/curiosity-stream/hover.gif,SUCCESS
Streaming Services,Curiosity Stream,heroBackdropUrl,backdrop,streaming-services/curiosity-stream/backdrop.webp,streaming-services__curiosity-stream__backdrop.webp,130.63,https://imkaptain.github.io/nuvio-assets/assets/images/dce3256c.webp,https://<YOUR_CLOUDFLARE_DOMAIN>/streaming-services/curiosity-stream/backdrop.webp,SUCCESS
Streaming Services,Discovery+,coverImageUrl,cover,streaming-services/discovery-plus/cover.webp,streaming-services__discovery-plus__cover.webp,6.48,https://imkaptain.github.io/nuvio-assets/assets/images/dbed63f2.webp,https://<YOUR_CLOUDFLARE_DOMAIN>/streaming-services/discovery-plus/cover.webp,SUCCESS
Streaming Services,Discovery+,titleLogoUrl,logo,streaming-services/discovery-plus/logo.webp,streaming-services__discovery-plus__logo.webp,6.1,https://imkaptain.github.io/nuvio-assets/assets/images/4676e4ff.webp,https://<YOUR_CLOUDFLARE_DOMAIN>/streaming-services/discovery-plus/logo.webp,SUCCESS
Streaming Services,Discovery+,focusGifUrl,hover,streaming-services/discovery-plus/hover.webp,streaming-services__discovery-plus__hover.webp,518.21,https://max-streams.gleeze.com/images/Discovery.gif,https://<YOUR_CLOUDFLARE_DOMAIN>/streaming-services/discovery-plus/hover.webp,SUCCESS
Streaming Services,Discovery+,heroBackdropUrl,backdrop,streaming-services/discovery-plus/backdrop.webp,streaming-services__discovery-plus__backdrop.webp,126.64,https://imkaptain.github.io/nuvio-assets/assets/images/8815e841.webp,https://<YOUR_CLOUDFLARE_DOMAIN>/streaming-services/discovery-plus/backdrop.webp,SUCCESS
Streaming Services,Disney+,coverImageUrl,cover,streaming-services/disney-plus/cover.webp,streaming-services__disney-plus__cover.webp,4.3,https://imkaptain.github.io/nuvio-assets/assets/images/b8c0d25b.webp,https://<YOUR_CLOUDFLARE_DOMAIN>/streaming-services/disney-plus/cover.webp,SUCCESS
Streaming Services,Disney+,titleLogoUrl,logo,streaming-services/disney-plus/logo.png,streaming-services__disney-plus__logo.png,243.89,https://github.com/bramst0ne/prism-wallpapers/blob/main/collections/networks/2739-disney/logos/color/2739_color_4.png?raw=true,https://<YOUR_CLOUDFLARE_DOMAIN>/streaming-services/disney-plus/logo.png,SUCCESS
Streaming Services,Disney+,focusGifUrl,hover,streaming-services/disney-plus/hover.gif,streaming-services__disney-plus__hover.gif,3464.73,https://64.media.tumblr.com/ca6dc6d4e8a260c0c5f40c47c7334e57/eb71329b4dc482d5-50/s500x750/e9e82c5bca839be289f3d87863141ebf6d7fca28.gifv,https://<YOUR_CLOUDFLARE_DOMAIN>/streaming-services/disney-plus/hover.gif,SUCCESS
Streaming Services,Disney+,heroBackdropUrl,backdrop,streaming-services/disney-plus/backdrop.jpg,streaming-services__disney-plus__backdrop.jpg,403.29,https://raw.githubusercontent.com/bramst0ne/prism-wallpapers/main/collections/providers/337-disney-plus/backdrops/t2_flat_1080p.jpg,https://<YOUR_CLOUDFLARE_DOMAIN>/streaming-services/disney-plus/backdrop.jpg,SUCCESS
Streaming Services,Hayu,coverImageUrl,cover,streaming-services/hayu/cover.png,streaming-services__hayu__cover.png,123.99,https://raw.githubusercontent.com/ImKaptain/nuvio-art/main/art/streaming-services/hayu/hayu-cover.png,https://<YOUR_CLOUDFLARE_DOMAIN>/streaming-services/hayu/cover.png,SUCCESS
Streaming Services,Hayu,focusGifUrl,hover,streaming-services/hayu/hover.gif,streaming-services__hayu__hover.gif,382.05,https://raw.githubusercontent.com/ImKaptain/nuvio-art/main/art/streaming-services/hayu/hayu-hover.gif,https://<YOUR_CLOUDFLARE_DOMAIN>/streaming-services/hayu/hover.gif,SUCCESS
Streaming Services,Hayu,heroBackdropUrl,backdrop,streaming-services/hayu/backdrop.jpg,streaming-services__hayu__backdrop.jpg,1217.02,https://raw.githubusercontent.com/ImKaptain/nuvio-art/main/art/streaming-services/hayu/hayu-backdrop.jpg,https://<YOUR_CLOUDFLARE_DOMAIN>/streaming-services/hayu/backdrop.jpg,SUCCESS
Streaming Services,HBO Max,coverImageUrl,cover,streaming-services/hbo-max/cover.webp,streaming-services__hbo-max__cover.webp,2.97,https://imkaptain.github.io/nuvio-assets/assets/images/b59babf1.webp,https://<YOUR_CLOUDFLARE_DOMAIN>/streaming-services/hbo-max/cover.webp,SUCCESS
Streaming Services,HBO Max,titleLogoUrl,logo,streaming-services/hbo-max/logo.webp,streaming-services__hbo-max__logo.webp,11.28,https://imkaptain.github.io/nuvio-assets/assets/images/6e4c10d3.webp,https://<YOUR_CLOUDFLARE_DOMAIN>/streaming-services/hbo-max/logo.webp,SUCCESS
Streaming Services,HBO Max,focusGifUrl,hover,streaming-services/hbo-max/hover.gif,streaming-services__hbo-max__hover.gif,4039.29,https://64.media.tumblr.com/cca7a86d443a0bc88536a2ad6ce72aec/b495f88d5c1df470-a2/s640x960/4cb9b614191d17d02c946b4ca59548cd333c06fd.gifv,https://<YOUR_CLOUDFLARE_DOMAIN>/streaming-services/hbo-max/hover.gif,SUCCESS
Streaming Services,HBO Max,heroBackdropUrl,backdrop,streaming-services/hbo-max/backdrop.jpg,streaming-services__hbo-max__backdrop.jpg,402.99,https://raw.githubusercontent.com/bramst0ne/prism-wallpapers/main/collections/providers/1899-hbo-max/backdrops/t2_flat_1080p.jpg,https://<YOUR_CLOUDFLARE_DOMAIN>/streaming-services/hbo-max/backdrop.jpg,SUCCESS
Streaming Services,Magellan,coverImageUrl,cover,streaming-services/magellan/cover.png,streaming-services__magellan__cover.png,160.71,https://raw.githubusercontent.com/ImKaptain/nuvio-art/main/art/streaming-services/magellan/magellan-cover.png,https://<YOUR_CLOUDFLARE_DOMAIN>/streaming-services/magellan/cover.png,SUCCESS
Streaming Services,Magellan,focusGifUrl,hover,streaming-services/magellan/hover.gif,streaming-services__magellan__hover.gif,2609.49,https://raw.githubusercontent.com/ImKaptain/nuvio-art/main/art/streaming-services/magellan/magellan-hover.gif,https://<YOUR_CLOUDFLARE_DOMAIN>/streaming-services/magellan/hover.gif,SUCCESS
Streaming Services,Magellan,heroBackdropUrl,backdrop,streaming-services/magellan/backdrop.jpg,streaming-services__magellan__backdrop.jpg,1381.94,https://raw.githubusercontent.com/ImKaptain/nuvio-art/main/art/streaming-services/magellan/magellan-backdrop.jpg,https://<YOUR_CLOUDFLARE_DOMAIN>/streaming-services/magellan/backdrop.jpg,SUCCESS
Streaming Services,MGM+,coverImageUrl,cover,streaming-services/mgm-plus/cover.webp,streaming-services__mgm-plus__cover.webp,4.55,https://imkaptain.github.io/nuvio-assets/assets/images/d490e713.webp,https://<YOUR_CLOUDFLARE_DOMAIN>/streaming-services/mgm-plus/cover.webp,SUCCESS
Streaming Services,MGM+,titleLogoUrl,logo,streaming-services/mgm-plus/logo.png,streaming-services__mgm-plus__logo.png,220.35,https://github.com/bramst0ne/prism-wallpapers/blob/main/collections/networks/6219-mgm/logos/color/6219_color_1.png?raw=true,https://<YOUR_CLOUDFLARE_DOMAIN>/streaming-services/mgm-plus/logo.png,SUCCESS
Streaming Services,MGM+,focusGifUrl,hover,streaming-services/mgm-plus/hover.gif,streaming-services__mgm-plus__hover.gif,7694.66,https://64.media.tumblr.com/9f43b185411e18d71444c9a5a5a79632/5d68ae94e9917470-70/s500x750/0871e87c17045759735ef64c26703c71b585bfb0.gifv,https://<YOUR_CLOUDFLARE_DOMAIN>/streaming-services/mgm-plus/hover.gif,SUCCESS
Streaming Services,MGM+,heroBackdropUrl,backdrop,streaming-services/mgm-plus/backdrop.jpg,streaming-services__mgm-plus__backdrop.jpg,439.74,https://raw.githubusercontent.com/bramst0ne/prism-wallpapers/main/collections/providers/34-mgm-plus/backdrops/t2_flat_1080p.jpg,https://<YOUR_CLOUDFLARE_DOMAIN>/streaming-services/mgm-plus/backdrop.jpg,SUCCESS
Streaming Services,Mubi,coverImageUrl,cover,streaming-services/mubi/cover.webp,streaming-services__mubi__cover.webp,3.38,https://imkaptain.github.io/nuvio-assets/assets/images/7c4bd708.webp,https://<YOUR_CLOUDFLARE_DOMAIN>/streaming-services/mubi/cover.webp,SUCCESS
Streaming Services,Mubi,titleLogoUrl,logo,streaming-services/mubi/logo.png,streaming-services__mubi__logo.png,41.85,https://raw.githubusercontent.com/bramst0ne/prism-wallpapers/refs/heads/main/collections/companies/204957-mubi/logos/white/204957_white_2.png,https://<YOUR_CLOUDFLARE_DOMAIN>/streaming-services/mubi/logo.png,SUCCESS
Streaming Services,Mubi,focusGifUrl,hover,streaming-services/mubi/hover.gif,streaming-services__mubi__hover.gif,7103.6,https://raw.githubusercontent.com/ImKaptain/nuvio-art/main/art/streaming-services/mubi/mubi-hover.gif,https://<YOUR_CLOUDFLARE_DOMAIN>/streaming-services/mubi/hover.gif,SUCCESS
Streaming Services,Mubi,heroBackdropUrl,backdrop,streaming-services/mubi/backdrop.jpg,streaming-services__mubi__backdrop.jpg,355.53,https://raw.githubusercontent.com/bramst0ne/prism-wallpapers/refs/heads/main/collections/companies/204957-mubi/backdrops/t2_flat_1080p.jpg,https://<YOUR_CLOUDFLARE_DOMAIN>/streaming-services/mubi/backdrop.jpg,SUCCESS
Streaming Services,Paramount+,coverImageUrl,cover,streaming-services/paramount-plus/cover.png,streaming-services__paramount-plus__cover.png,435.07,https://raw.githubusercontent.com/ImKaptain/nuvio-art/refs/heads/main/art/streaming-services/paramount-plus/paramount-plus-cover.png,https://<YOUR_CLOUDFLARE_DOMAIN>/streaming-services/paramount-plus/cover.png,SUCCESS
Streaming Services,Paramount+,titleLogoUrl,logo,streaming-services/paramount-plus/logo.png,streaming-services__paramount-plus__logo.png,250.57,https://github.com/bramst0ne/prism-wallpapers/blob/main/collections/networks/4330-paramount/logos/color/4330_color_2.png?raw=true,https://<YOUR_CLOUDFLARE_DOMAIN>/streaming-services/paramount-plus/logo.png,SUCCESS
Streaming Services,Paramount+,focusGifUrl,hover,streaming-services/paramount-plus/hover.gif,streaming-services__paramount-plus__hover.gif,1562.53,https://raw.githubusercontent.com/ImKaptain/nuvio-art/refs/heads/main/art/streaming-services/paramount-plus/paramount-plus-hover.gif,https://<YOUR_CLOUDFLARE_DOMAIN>/streaming-services/paramount-plus/hover.gif,SUCCESS
Streaming Services,Paramount+,heroBackdropUrl,backdrop,streaming-services/paramount-plus/backdrop.jpg,streaming-services__paramount-plus__backdrop.jpg,401.0,https://raw.githubusercontent.com/bramst0ne/prism-wallpapers/main/collections/providers/2303-paramount-plus-premium/backdrops/t2_flat_1080p.jpg,https://<YOUR_CLOUDFLARE_DOMAIN>/streaming-services/paramount-plus/backdrop.jpg,SUCCESS
Streaming Services,Peacock,coverImageUrl,cover,streaming-services/peacock/cover.webp,streaming-services__peacock__cover.webp,2.95,https://imkaptain.github.io/nuvio-assets/assets/images/970b675f.webp,https://<YOUR_CLOUDFLARE_DOMAIN>/streaming-services/peacock/cover.webp,SUCCESS
Streaming Services,Peacock,titleLogoUrl,logo,streaming-services/peacock/logo.png,streaming-services__peacock__logo.png,76.05,https://github.com/bramst0ne/prism-wallpapers/blob/main/collections/networks/3353-peacock/logos/color/3353_color_1.png?raw=true,https://<YOUR_CLOUDFLARE_DOMAIN>/streaming-services/peacock/logo.png,SUCCESS
Streaming Services,Peacock,focusGifUrl,hover,streaming-services/peacock/hover.gif,streaming-services__peacock__hover.gif,8288.28,https://64.media.tumblr.com/a378bf124ed7d00c8d7430cb8a9ae0cc/9e0da9dbc32641f6-b2/s1280x1920/e8c0ba2f6aadae5b6f532a177926528e94b04d68.gifv,https://<YOUR_CLOUDFLARE_DOMAIN>/streaming-services/peacock/hover.gif,SUCCESS
Streaming Services,Peacock,heroBackdropUrl,backdrop,streaming-services/peacock/backdrop.jpg,streaming-services__peacock__backdrop.jpg,406.84,https://raw.githubusercontent.com/bramst0ne/prism-wallpapers/main/collections/providers/386-peacock-premium/backdrops/t2_flat_1080p.jpg,https://<YOUR_CLOUDFLARE_DOMAIN>/streaming-services/peacock/backdrop.jpg,SUCCESS
Streaming Services,Pluto TV,coverImageUrl,cover,streaming-services/pluto-tv/cover.png,streaming-services__pluto-tv__cover.png,155.14,https://raw.githubusercontent.com/ImKaptain/nuvio-art/main/art/streaming-services/pluto-tv/pluto-tv-cover.png,https://<YOUR_CLOUDFLARE_DOMAIN>/streaming-services/pluto-tv/cover.png,SUCCESS
Streaming Services,Pluto TV,titleLogoUrl,logo,streaming-services/pluto-tv/logo.webp,streaming-services__pluto-tv__logo.webp,5.64,https://upload.wikimedia.org/wikipedia/commons/thumb/c/c3/Pluto_TV_logo_2024.svg/500px-Pluto_TV_logo_2024.svg.png,https://<YOUR_CLOUDFLARE_DOMAIN>/streaming-services/pluto-tv/logo.webp,SUCCESS
Streaming Services,Pluto TV,focusGifUrl,hover,streaming-services/pluto-tv/hover.gif,streaming-services__pluto-tv__hover.gif,686.25,https://raw.githubusercontent.com/ImKaptain/nuvio-art/main/art/streaming-services/pluto-tv/pluto-tv-hover.gif,https://<YOUR_CLOUDFLARE_DOMAIN>/streaming-services/pluto-tv/hover.gif,SUCCESS
Streaming Services,Pluto TV,heroBackdropUrl,backdrop,streaming-services/pluto-tv/backdrop.jpg,streaming-services__pluto-tv__backdrop.jpg,437.71,https://raw.githubusercontent.com/ImKaptain/nuvio-assets/main/collections/providers/300-pluto-tv/backdrops/t2_flat_1080p.jpg,https://<YOUR_CLOUDFLARE_DOMAIN>/streaming-services/pluto-tv/backdrop.jpg,SUCCESS
Streaming Services,Shudder,coverImageUrl,cover,streaming-services/shudder/cover.webp,streaming-services__shudder__cover.webp,4.99,https://imkaptain.github.io/nuvio-assets/assets/images/99e24ce1.webp,https://<YOUR_CLOUDFLARE_DOMAIN>/streaming-services/shudder/cover.webp,SUCCESS
Streaming Services,Shudder,titleLogoUrl,logo,streaming-services/shudder/logo.png,streaming-services__shudder__logo.png,261.58,https://github.com/bramst0ne/prism-wallpapers/blob/main/collections/companies/142877-shudder/logos/color/142877_color_1.png?raw=true,https://<YOUR_CLOUDFLARE_DOMAIN>/streaming-services/shudder/logo.png,SUCCESS
Streaming Services,Shudder,focusGifUrl,hover,streaming-services/shudder/hover.gif,streaming-services__shudder__hover.gif,665.14,https://raw.githubusercontent.com/luckynumb3rs/stremio-perfect-setup/refs/heads/main/collections/streaming/focused/shudder.gif,https://<YOUR_CLOUDFLARE_DOMAIN>/streaming-services/shudder/hover.gif,SUCCESS
Streaming Services,Shudder,heroBackdropUrl,backdrop,streaming-services/shudder/backdrop.jpg,streaming-services__shudder__backdrop.jpg,343.86,https://raw.githubusercontent.com/bramst0ne/prism-wallpapers/main/collections/providers/99-shudder/backdrops/t2_flat_1080p.jpg,https://<YOUR_CLOUDFLARE_DOMAIN>/streaming-services/shudder/backdrop.jpg,SUCCESS
Streaming Services,Starz,coverImageUrl,cover,streaming-services/starz/cover.webp,streaming-services__starz__cover.webp,3.62,https://imkaptain.github.io/nuvio-assets/assets/images/9e92f9b6.webp,https://<YOUR_CLOUDFLARE_DOMAIN>/streaming-services/starz/cover.webp,SUCCESS
Streaming Services,Starz,titleLogoUrl,logo,streaming-services/starz/logo.webp,streaming-services__starz__logo.webp,11.68,https://imkaptain.github.io/nuvio-assets/assets/images/262762fd.webp,https://<YOUR_CLOUDFLARE_DOMAIN>/streaming-services/starz/logo.webp,SUCCESS
Streaming Services,Starz,focusGifUrl,hover,streaming-services/starz/hover.gif,streaming-services__starz__hover.gif,8441.24,https://64.media.tumblr.com/81fe52878aad139bc7b4ff5db7efc766/1e7a62d9e4b13b7a-a2/s500x750/740d23b1e14a96d02282d62190ee61e2a30aed4d.gifv,https://<YOUR_CLOUDFLARE_DOMAIN>/streaming-services/starz/hover.gif,SUCCESS
Streaming Services,Starz,heroBackdropUrl,backdrop,streaming-services/starz/backdrop.jpg,streaming-services__starz__backdrop.jpg,376.56,https://raw.githubusercontent.com/bramst0ne/prism-wallpapers/main/collections/providers/43-starz/backdrops/t2_flat_1080p.jpg,https://<YOUR_CLOUDFLARE_DOMAIN>/streaming-services/starz/backdrop.jpg,SUCCESS
Streaming Services,Tubi TV,coverImageUrl,cover,streaming-services/tubi-tv/cover.png,streaming-services__tubi-tv__cover.png,456.83,https://raw.githubusercontent.com/ImKaptain/nuvio-art/main/art/streaming-services/tubi/tubi-cover.png,https://<YOUR_CLOUDFLARE_DOMAIN>/streaming-services/tubi-tv/cover.png,SUCCESS
Streaming Services,Tubi TV,titleLogoUrl,logo,streaming-services/tubi-tv/logo.png,streaming-services__tubi-tv__logo.png,82.07,https://raw.githubusercontent.com/ImKaptain/nuvio-assets/main/collections/companies/153734-tubi/logos/color/153734_color_1.png,https://<YOUR_CLOUDFLARE_DOMAIN>/streaming-services/tubi-tv/logo.png,SUCCESS
Streaming Services,Tubi TV,focusGifUrl,hover,streaming-services/tubi-tv/hover.gif,streaming-services__tubi-tv__hover.gif,6001.84,https://raw.githubusercontent.com/ImKaptain/nuvio-art/main/art/streaming-services/tubi/tubi-hover.gif,https://<YOUR_CLOUDFLARE_DOMAIN>/streaming-services/tubi-tv/hover.gif,SUCCESS
Streaming Services,Tubi TV,heroBackdropUrl,backdrop,streaming-services/tubi-tv/backdrop.jpg,streaming-services__tubi-tv__backdrop.jpg,341.91,https://raw.githubusercontent.com/ImKaptain/nuvio-assets/main/collections/companies/153734-tubi/backdrops/t2_flat_1080p.jpg,https://<YOUR_CLOUDFLARE_DOMAIN>/streaming-services/tubi-tv/backdrop.jpg,SUCCESS
Genres,Action,coverImageUrl,cover,genres/action/cover.jpg,genres__action__cover.jpg,456.34,https://raw.githubusercontent.com/ImKaptain/nuvio-art/main/art/genres/action/action-cover.png,https://<YOUR_CLOUDFLARE_DOMAIN>/genres/action/cover.jpg,SUCCESS
Genres,Action,titleLogoUrl,logo,genres/action/logo.png,genres__action__logo.png,27.76,https://github.com/luckynumb3rs/stremio-perfect-setup/blob/main/collections/genres/title/action.png?raw=true,https://<YOUR_CLOUDFLARE_DOMAIN>/genres/action/logo.png,SUCCESS
Genres,Action,focusGifUrl,hover,genres/action/hover.jpg,genres__action__hover.jpg,565.04,https://raw.githubusercontent.com/ImKaptain/nuvio-art/main/art/genres/action/action-hover.gif,https://<YOUR_CLOUDFLARE_DOMAIN>/genres/action/hover.jpg,SUCCESS
Genres,Action,heroBackdropUrl,backdrop,genres/action/backdrop.jpg,genres__action__backdrop.jpg,1308.14,https://raw.githubusercontent.com/ImKaptain/nuvio-art/main/art/genres/action/action-backdrop.jpg,https://<YOUR_CLOUDFLARE_DOMAIN>/genres/action/backdrop.jpg,SUCCESS
Genres,Adventure,coverImageUrl,cover,genres/adventure/cover.jpg,genres__adventure__cover.jpg,287.88,https://raw.githubusercontent.com/ImKaptain/nuvio-art/main/art/genres/adventure/adventure-cover.png,https://<YOUR_CLOUDFLARE_DOMAIN>/genres/adventure/cover.jpg,SUCCESS
Genres,Adventure,titleLogoUrl,logo,genres/adventure/logo.png,genres__adventure__logo.png,110.91,https://raw.githubusercontent.com/ImKaptain/nuvio-assets/main/TitleLogos/ADVENTURE_TitleLogo.png,https://<YOUR_CLOUDFLARE_DOMAIN>/genres/adventure/logo.png,SUCCESS
Genres,Adventure,focusGifUrl,hover,genres/adventure/hover.jpg,genres__adventure__hover.jpg,355.48,https://raw.githubusercontent.com/ImKaptain/nuvio-art/main/art/genres/adventure/adventure-hover.gif,https://<YOUR_CLOUDFLARE_DOMAIN>/genres/adventure/hover.jpg,SUCCESS
Genres,Adventure,heroBackdropUrl,backdrop,genres/adventure/backdrop.jpg,genres__adventure__backdrop.jpg,1339.91,https://raw.githubusercontent.com/ImKaptain/nuvio-art/main/art/genres/adventure/adventure-backdrop.jpg,https://<YOUR_CLOUDFLARE_DOMAIN>/genres/adventure/backdrop.jpg,SUCCESS
Genres,Animation,coverImageUrl,cover,genres/animation/cover.jpg,genres__animation__cover.jpg,397.72,https://raw.githubusercontent.com/ImKaptain/nuvio-art/main/art/genres/animation/animation-cover.png,https://<YOUR_CLOUDFLARE_DOMAIN>/genres/animation/cover.jpg,SUCCESS
Genres,Animation,titleLogoUrl,logo,genres/animation/logo.png,genres__animation__logo.png,52.69,https://github.com/luckynumb3rs/stremio-perfect-setup/blob/main/collections/genres/title/animation.png?raw=true,https://<YOUR_CLOUDFLARE_DOMAIN>/genres/animation/logo.png,SUCCESS
Genres,Animation,focusGifUrl,hover,genres/animation/hover.jpg,genres__animation__hover.jpg,478.62,https://raw.githubusercontent.com/ImKaptain/nuvio-art/main/art/genres/animation/animation-hover.gif,https://<YOUR_CLOUDFLARE_DOMAIN>/genres/animation/hover.jpg,SUCCESS
Genres,Animation,heroBackdropUrl,backdrop,genres/animation/backdrop.jpg,genres__animation__backdrop.jpg,1369.08,https://raw.githubusercontent.com/ImKaptain/nuvio-art/main/art/genres/animation/animation-backdrop.jpg,https://<YOUR_CLOUDFLARE_DOMAIN>/genres/animation/backdrop.jpg,SUCCESS
Genres,Anime,coverImageUrl,cover,genres/anime/cover.jpg,genres__anime__cover.jpg,383.06,https://raw.githubusercontent.com/ImKaptain/nuvio-art/main/art/genres/anime/anime-cover.png,https://<YOUR_CLOUDFLARE_DOMAIN>/genres/anime/cover.jpg,SUCCESS
Genres,Anime,titleLogoUrl,logo,genres/anime/logo.png,genres__anime__logo.png,43.84,https://github.com/luckynumb3rs/stremio-perfect-setup/blob/main/collections/genres/title/anime.png?raw=true,https://<YOUR_CLOUDFLARE_DOMAIN>/genres/anime/logo.png,SUCCESS
Genres,Anime,focusGifUrl,hover,genres/anime/hover.jpg,genres__anime__hover.jpg,454.81,https://raw.githubusercontent.com/ImKaptain/nuvio-art/main/art/genres/anime/anime-hover.gif,https://<YOUR_CLOUDFLARE_DOMAIN>/genres/anime/hover.jpg,SUCCESS
Genres,Anime,heroBackdropUrl,backdrop,genres/anime/backdrop.jpg,genres__anime__backdrop.jpg,1548.7,https://raw.githubusercontent.com/ImKaptain/nuvio-art/main/art/genres/anime/anime-backdrop.jpg,https://<YOUR_CLOUDFLARE_DOMAIN>/genres/anime/backdrop.jpg,SUCCESS
Genres,Comedy,coverImageUrl,cover,genres/comedy/cover.jpg,genres__comedy__cover.jpg,282.39,https://raw.githubusercontent.com/ImKaptain/nuvio-art/main/art/genres/comedy/comedy-cover.png,https://<YOUR_CLOUDFLARE_DOMAIN>/genres/comedy/cover.jpg,SUCCESS
Genres,Comedy,titleLogoUrl,logo,genres/comedy/logo.png,genres__comedy__logo.png,30.71,https://github.com/luckynumb3rs/stremio-perfect-setup/blob/main/collections/genres/title/comedy.png?raw=true,https://<YOUR_CLOUDFLARE_DOMAIN>/genres/comedy/logo.png,SUCCESS
Genres,Comedy,focusGifUrl,hover,genres/comedy/hover.jpg,genres__comedy__hover.jpg,353.84,https://raw.githubusercontent.com/ImKaptain/nuvio-art/main/art/genres/comedy/comedy-hover.gif,https://<YOUR_CLOUDFLARE_DOMAIN>/genres/comedy/hover.jpg,SUCCESS
Genres,Comedy,heroBackdropUrl,backdrop,genres/comedy/backdrop.jpg,genres__comedy__backdrop.jpg,1275.02,https://raw.githubusercontent.com/ImKaptain/nuvio-art/main/art/genres/comedy/comedy-backdrop.jpg,https://<YOUR_CLOUDFLARE_DOMAIN>/genres/comedy/backdrop.jpg,SUCCESS
Genres,Crime,coverImageUrl,cover,genres/crime/cover.jpg,genres__crime__cover.jpg,333.82,https://raw.githubusercontent.com/ImKaptain/nuvio-art/main/art/genres/crime/crime-cover.png,https://<YOUR_CLOUDFLARE_DOMAIN>/genres/crime/cover.jpg,SUCCESS
Genres,Crime,titleLogoUrl,logo,genres/crime/logo.png,genres__crime__logo.png,26.67,https://github.com/luckynumb3rs/stremio-perfect-setup/blob/main/collections/genres/title/crime.png?raw=true,https://<YOUR_CLOUDFLARE_DOMAIN>/genres/crime/logo.png,SUCCESS
Genres,Crime,focusGifUrl,hover,genres/crime/hover.jpg,genres__crime__hover.jpg,420.18,https://raw.githubusercontent.com/ImKaptain/nuvio-art/main/art/genres/crime/crime-hover.gif,https://<YOUR_CLOUDFLARE_DOMAIN>/genres/crime/hover.jpg,SUCCESS
Genres,Crime,heroBackdropUrl,backdrop,genres/crime/backdrop.jpg,genres__crime__backdrop.jpg,1208.37,https://raw.githubusercontent.com/ImKaptain/nuvio-art/main/art/genres/crime/crime-backdrop.jpg,https://<YOUR_CLOUDFLARE_DOMAIN>/genres/crime/backdrop.jpg,SUCCESS
Genres,Documentary,coverImageUrl,cover,genres/documentary/cover.jpg,genres__documentary__cover.jpg,326.67,https://raw.githubusercontent.com/ImKaptain/nuvio-art/main/art/genres/documentary/documentary-cover.png,https://<YOUR_CLOUDFLARE_DOMAIN>/genres/documentary/cover.jpg,SUCCESS
Genres,Documentary,titleLogoUrl,logo,genres/documentary/logo.png,genres__documentary__logo.png,44.25,https://github.com/luckynumb3rs/stremio-perfect-setup/blob/main/collections/genres/title/documentary.png?raw=true,https://<YOUR_CLOUDFLARE_DOMAIN>/genres/documentary/logo.png,SUCCESS
Genres,Documentary,focusGifUrl,hover,genres/documentary/hover.jpg,genres__documentary__hover.jpg,406.64,https://raw.githubusercontent.com/ImKaptain/nuvio-art/main/art/genres/documentary/documentary-hover.gif,https://<YOUR_CLOUDFLARE_DOMAIN>/genres/documentary/hover.jpg,SUCCESS
Genres,Documentary,heroBackdropUrl,backdrop,genres/documentary/backdrop.jpg,genres__documentary__backdrop.jpg,1270.07,https://raw.githubusercontent.com/ImKaptain/nuvio-art/main/art/genres/documentary/documentary-backdrop.jpg,https://<YOUR_CLOUDFLARE_DOMAIN>/genres/documentary/backdrop.jpg,SUCCESS
Genres,Drama,coverImageUrl,cover,genres/drama/cover.jpg,genres__drama__cover.jpg,327.28,https://raw.githubusercontent.com/ImKaptain/nuvio-art/main/art/genres/drama/drama-cover.png,https://<YOUR_CLOUDFLARE_DOMAIN>/genres/drama/cover.jpg,SUCCESS
Genres,Drama,titleLogoUrl,logo,genres/drama/logo.png,genres__drama__logo.png,28.95,https://github.com/luckynumb3rs/stremio-perfect-setup/blob/main/collections/genres/title/drama.png?raw=true,https://<YOUR_CLOUDFLARE_DOMAIN>/genres/drama/logo.png,SUCCESS
Genres,Drama,focusGifUrl,hover,genres/drama/hover.jpg,genres__drama__hover.jpg,404.07,https://raw.githubusercontent.com/ImKaptain/nuvio-art/main/art/genres/drama/drama-hover.gif,https://<YOUR_CLOUDFLARE_DOMAIN>/genres/drama/hover.jpg,SUCCESS
Genres,Drama,heroBackdropUrl,backdrop,genres/drama/backdrop.jpg,genres__drama__backdrop.jpg,1177.5,https://raw.githubusercontent.com/ImKaptain/nuvio-art/main/art/genres/drama/drama-backdrop.jpg,https://<YOUR_CLOUDFLARE_DOMAIN>/genres/drama/backdrop.jpg,SUCCESS
Genres,Family,coverImageUrl,cover,genres/family/cover.jpg,genres__family__cover.jpg,399.43,https://raw.githubusercontent.com/ImKaptain/nuvio-art/main/art/genres/family/family-cover.png,https://<YOUR_CLOUDFLARE_DOMAIN>/genres/family/cover.jpg,SUCCESS
Genres,Family,titleLogoUrl,logo,genres/family/logo.png,genres__family__logo.png,30.34,https://github.com/luckynumb3rs/stremio-perfect-setup/blob/main/collections/genres/title/family.png?raw=true,https://<YOUR_CLOUDFLARE_DOMAIN>/genres/family/logo.png,SUCCESS
Genres,Family,focusGifUrl,hover,genres/family/hover.jpg,genres__family__hover.jpg,493.43,https://raw.githubusercontent.com/ImKaptain/nuvio-art/main/art/genres/family/family-hover.gif,https://<YOUR_CLOUDFLARE_DOMAIN>/genres/family/hover.jpg,SUCCESS
Genres,Family,heroBackdropUrl,backdrop,genres/family/backdrop.jpg,genres__family__backdrop.jpg,1411.5,https://raw.githubusercontent.com/ImKaptain/nuvio-art/main/art/genres/family/family-backdrop.jpg,https://<YOUR_CLOUDFLARE_DOMAIN>/genres/family/backdrop.jpg,SUCCESS
Genres,Fantasy,coverImageUrl,cover,genres/fantasy/cover.jpg,genres__fantasy__cover.jpg,135.72,https://raw.githubusercontent.com/ImKaptain/nuvio-art/main/art/genres/fantasy/fantasy-cover.png,https://<YOUR_CLOUDFLARE_DOMAIN>/genres/fantasy/cover.jpg,SUCCESS
Genres,Fantasy,titleLogoUrl,logo,genres/fantasy/logo.png,genres__fantasy__logo.png,35.85,https://github.com/luckynumb3rs/stremio-perfect-setup/blob/main/collections/genres/title/fantasy.png?raw=true,https://<YOUR_CLOUDFLARE_DOMAIN>/genres/fantasy/logo.png,SUCCESS
Genres,Fantasy,focusGifUrl,hover,genres/fantasy/hover.jpg,genres__fantasy__hover.jpg,212.45,https://raw.githubusercontent.com/ImKaptain/nuvio-art/main/art/genres/fantasy/fantasy-hover.gif,https://<YOUR_CLOUDFLARE_DOMAIN>/genres/fantasy/hover.jpg,SUCCESS
Genres,Fantasy,heroBackdropUrl,backdrop,genres/fantasy/backdrop.jpg,genres__fantasy__backdrop.jpg,1293.86,https://raw.githubusercontent.com/ImKaptain/nuvio-art/main/art/genres/fantasy/fantasy-backdrop.jpg,https://<YOUR_CLOUDFLARE_DOMAIN>/genres/fantasy/backdrop.jpg,SUCCESS
Genres,History,coverImageUrl,cover,genres/history/cover.jpg,genres__history__cover.jpg,277.01,https://raw.githubusercontent.com/ImKaptain/nuvio-art/main/art/genres/history/history-cover.png,https://<YOUR_CLOUDFLARE_DOMAIN>/genres/history/cover.jpg,SUCCESS
Genres,History,titleLogoUrl,logo,genres/history/logo.png,genres__history__logo.png,35.73,https://github.com/luckynumb3rs/stremio-perfect-setup/blob/main/collections/genres/title/history.png?raw=true,https://<YOUR_CLOUDFLARE_DOMAIN>/genres/history/logo.png,SUCCESS
Genres,History,focusGifUrl,hover,genres/history/hover.jpg,genres__history__hover.jpg,355.57,https://raw.githubusercontent.com/ImKaptain/nuvio-art/main/art/genres/history/history-hover.gif,https://<YOUR_CLOUDFLARE_DOMAIN>/genres/history/hover.jpg,SUCCESS
Genres,History,heroBackdropUrl,backdrop,genres/history/backdrop.jpg,genres__history__backdrop.jpg,1091.4,https://raw.githubusercontent.com/ImKaptain/nuvio-art/main/art/genres/history/history-backdrop.jpg,https://<YOUR_CLOUDFLARE_DOMAIN>/genres/history/backdrop.jpg,SUCCESS
Genres,Horror,coverImageUrl,cover,genres/horror/cover.jpg,genres__horror__cover.jpg,263.01,https://raw.githubusercontent.com/ImKaptain/nuvio-art/main/art/genres/horror/horror-cover.png,https://<YOUR_CLOUDFLARE_DOMAIN>/genres/horror/cover.jpg,SUCCESS
Genres,Horror,titleLogoUrl,logo,genres/horror/logo.png,genres__horror__logo.png,31.69,https://github.com/luckynumb3rs/stremio-perfect-setup/blob/main/collections/genres/title/horror.png?raw=true,https://<YOUR_CLOUDFLARE_DOMAIN>/genres/horror/logo.png,SUCCESS
Genres,Horror,focusGifUrl,hover,genres/horror/hover.jpg,genres__horror__hover.jpg,339.39,https://raw.githubusercontent.com/ImKaptain/nuvio-art/main/art/genres/horror/horror-hover.gif,https://<YOUR_CLOUDFLARE_DOMAIN>/genres/horror/hover.jpg,SUCCESS
Genres,Horror,heroBackdropUrl,backdrop,genres/horror/backdrop.jpg,genres__horror__backdrop.jpg,952.58,https://raw.githubusercontent.com/ImKaptain/nuvio-art/main/art/genres/horror/horror-backdrop.jpg,https://<YOUR_CLOUDFLARE_DOMAIN>/genres/horror/backdrop.jpg,SUCCESS
Genres,K-Drama,coverImageUrl,cover,genres/k-drama/cover.jpg,genres__k-drama__cover.jpg,572.49,https://raw.githubusercontent.com/ImKaptain/nuvio-art/main/art/genres/k-drama/k-drama-cover.png,https://<YOUR_CLOUDFLARE_DOMAIN>/genres/k-drama/cover.jpg,SUCCESS
Genres,K-Drama,focusGifUrl,hover,genres/k-drama/hover.jpg,genres__k-drama__hover.jpg,678.01,https://raw.githubusercontent.com/ImKaptain/nuvio-art/main/art/genres/k-drama/k-drama-hover.gif,https://<YOUR_CLOUDFLARE_DOMAIN>/genres/k-drama/hover.jpg,SUCCESS
Genres,K-Drama,heroBackdropUrl,backdrop,genres/k-drama/backdrop.jpg,genres__k-drama__backdrop.jpg,1117.24,https://raw.githubusercontent.com/ImKaptain/nuvio-art/main/art/genres/k-drama/k-drama-backdrop.jpg,https://<YOUR_CLOUDFLARE_DOMAIN>/genres/k-drama/backdrop.jpg,SUCCESS
Genres,Martial Arts,coverImageUrl,cover,genres/martial-arts/cover.jpg,genres__martial-arts__cover.jpg,478.86,https://raw.githubusercontent.com/ImKaptain/nuvio-art/main/art/genres/martial-arts/martial-arts-cover.png,https://<YOUR_CLOUDFLARE_DOMAIN>/genres/martial-arts/cover.jpg,SUCCESS
Genres,Martial Arts,titleLogoUrl,logo,genres/martial-arts/logo.png,genres__martial-arts__logo.png,85.73,https://raw.githubusercontent.com/ImKaptain/nuvio-assets/main/TitleLogos/Martial_Arts_TitleLogo.png,https://<YOUR_CLOUDFLARE_DOMAIN>/genres/martial-arts/logo.png,SUCCESS
Genres,Martial Arts,focusGifUrl,hover,genres/martial-arts/hover.jpg,genres__martial-arts__hover.jpg,563.92,https://raw.githubusercontent.com/ImKaptain/nuvio-art/main/art/genres/martial-arts/martial-arts-hover.gif,https://<YOUR_CLOUDFLARE_DOMAIN>/genres/martial-arts/hover.jpg,SUCCESS
Genres,Martial Arts,heroBackdropUrl,backdrop,genres/martial-arts/backdrop.jpg,genres__martial-arts__backdrop.jpg,1365.4,https://raw.githubusercontent.com/ImKaptain/nuvio-art/main/art/genres/martial-arts/martial-arts-backdrop.jpg,https://<YOUR_CLOUDFLARE_DOMAIN>/genres/martial-arts/backdrop.jpg,SUCCESS
Genres,Music / Musical,coverImageUrl,cover,genres/music-musical/cover.jpg,genres__music-musical__cover.jpg,274.96,https://raw.githubusercontent.com/ImKaptain/nuvio-art/main/art/genres/music-musical/music-musical-cover.png,https://<YOUR_CLOUDFLARE_DOMAIN>/genres/music-musical/cover.jpg,SUCCESS
Genres,Music / Musical,titleLogoUrl,logo,genres/music-musical/logo.png,genres__music-musical__logo.png,72.25,https://raw.githubusercontent.com/ImKaptain/nuvio-assets/main/TitleLogos/Music___Musical_TitleLogo.png,https://<YOUR_CLOUDFLARE_DOMAIN>/genres/music-musical/logo.png,SUCCESS
Genres,Music / Musical,focusGifUrl,hover,genres/music-musical/hover.jpg,genres__music-musical__hover.jpg,357.77,https://raw.githubusercontent.com/ImKaptain/nuvio-art/main/art/genres/music-musical/music-musical-hover.gif,https://<YOUR_CLOUDFLARE_DOMAIN>/genres/music-musical/hover.jpg,SUCCESS
Genres,Music / Musical,heroBackdropUrl,backdrop,genres/music-musical/backdrop.jpg,genres__music-musical__backdrop.jpg,1261.69,https://raw.githubusercontent.com/ImKaptain/nuvio-art/main/art/genres/music-musical/music-musical-backdrop.jpg,https://<YOUR_CLOUDFLARE_DOMAIN>/genres/music-musical/backdrop.jpg,SUCCESS
Genres,Mystery,coverImageUrl,cover,genres/mystery/cover.jpg,genres__mystery__cover.jpg,349.19,https://raw.githubusercontent.com/ImKaptain/nuvio-art/main/art/genres/mystery/mystery-cover.png,https://<YOUR_CLOUDFLARE_DOMAIN>/genres/mystery/cover.jpg,SUCCESS
Genres,Mystery,titleLogoUrl,logo,genres/mystery/logo.png,genres__mystery__logo.png,44.54,https://github.com/luckynumb3rs/stremio-perfect-setup/blob/main/collections/genres/title/mystery.png?raw=true,https://<YOUR_CLOUDFLARE_DOMAIN>/genres/mystery/logo.png,SUCCESS
Genres,Mystery,focusGifUrl,hover,genres/mystery/hover.jpg,genres__mystery__hover.jpg,439.72,https://raw.githubusercontent.com/ImKaptain/nuvio-art/main/art/genres/mystery/mystery-hover.gif,https://<YOUR_CLOUDFLARE_DOMAIN>/genres/mystery/hover.jpg,SUCCESS
Genres,Mystery,heroBackdropUrl,backdrop,genres/mystery/backdrop.jpg,genres__mystery__backdrop.jpg,1245.83,https://raw.githubusercontent.com/ImKaptain/nuvio-art/main/art/genres/mystery/mystery-backdrop.jpg,https://<YOUR_CLOUDFLARE_DOMAIN>/genres/mystery/backdrop.jpg,SUCCESS
Genres,Romance,coverImageUrl,cover,genres/romance/cover.jpg,genres__romance__cover.jpg,203.63,https://raw.githubusercontent.com/ImKaptain/nuvio-art/main/art/genres/romance/romance-cover.png,https://<YOUR_CLOUDFLARE_DOMAIN>/genres/romance/cover.jpg,SUCCESS
Genres,Romance,titleLogoUrl,logo,genres/romance/logo.png,genres__romance__logo.png,67.82,https://github.com/luckynumb3rs/stremio-perfect-setup/blob/main/collections/genres/title/romance.png?raw=true,https://<YOUR_CLOUDFLARE_DOMAIN>/genres/romance/logo.png,SUCCESS
Genres,Romance,focusGifUrl,hover,genres/romance/hover.jpg,genres__romance__hover.jpg,292.45,https://raw.githubusercontent.com/ImKaptain/nuvio-art/main/art/genres/romance/romance-hover.gif,https://<YOUR_CLOUDFLARE_DOMAIN>/genres/romance/hover.jpg,SUCCESS
Genres,Romance,heroBackdropUrl,backdrop,genres/romance/backdrop.jpg,genres__romance__backdrop.jpg,1140.54,https://raw.githubusercontent.com/ImKaptain/nuvio-art/main/art/genres/romance/romance-backdrop.jpg,https://<YOUR_CLOUDFLARE_DOMAIN>/genres/romance/backdrop.jpg,SUCCESS
Genres,Romantic Comedy,coverImageUrl,cover,genres/romantic-comedy/cover.jpg,genres__romantic-comedy__cover.jpg,263.6,https://raw.githubusercontent.com/ImKaptain/nuvio-art/main/art/genres/romantic-comedy/romantic-comedy-cover.png,https://<YOUR_CLOUDFLARE_DOMAIN>/genres/romantic-comedy/cover.jpg,SUCCESS
Genres,Romantic Comedy,titleLogoUrl,logo,genres/romantic-comedy/logo.png,genres__romantic-comedy__logo.png,70.95,https://raw.githubusercontent.com/ImKaptain/nuvio-assets/main/TitleLogos/Romantic_Comedy_TitleLogo.png,https://<YOUR_CLOUDFLARE_DOMAIN>/genres/romantic-comedy/logo.png,SUCCESS
Genres,Romantic Comedy,focusGifUrl,hover,genres/romantic-comedy/hover.jpg,genres__romantic-comedy__hover.jpg,338.02,https://raw.githubusercontent.com/ImKaptain/nuvio-art/main/art/genres/romantic-comedy/romantic-comedy-hover.gif,https://<YOUR_CLOUDFLARE_DOMAIN>/genres/romantic-comedy/hover.jpg,SUCCESS
Genres,Romantic Comedy,heroBackdropUrl,backdrop,genres/romantic-comedy/backdrop.jpg,genres__romantic-comedy__backdrop.jpg,1319.47,https://raw.githubusercontent.com/ImKaptain/nuvio-art/main/art/genres/romantic-comedy/romantic-comedy-backdrop.jpg,https://<YOUR_CLOUDFLARE_DOMAIN>/genres/romantic-comedy/backdrop.jpg,SUCCESS
Genres,Science Fiction,coverImageUrl,cover,genres/science-fiction/cover.jpg,genres__science-fiction__cover.jpg,354.78,https://raw.githubusercontent.com/ImKaptain/nuvio-art/main/art/genres/science-fiction/science-fiction-cover.png,https://<YOUR_CLOUDFLARE_DOMAIN>/genres/science-fiction/cover.jpg,SUCCESS
Genres,Science Fiction,titleLogoUrl,logo,genres/science-fiction/logo.png,genres__science-fiction__logo.png,56.08,https://raw.githubusercontent.com/ImKaptain/nuvio-assets/main/TitleLogos/Science_Fiction_TitleLogo.png,https://<YOUR_CLOUDFLARE_DOMAIN>/genres/science-fiction/logo.png,SUCCESS
Genres,Science Fiction,focusGifUrl,hover,genres/science-fiction/hover.jpg,genres__science-fiction__hover.jpg,441.9,https://raw.githubusercontent.com/ImKaptain/nuvio-art/main/art/genres/science-fiction/science-fiction-hover.gif,https://<YOUR_CLOUDFLARE_DOMAIN>/genres/science-fiction/hover.jpg,SUCCESS
Genres,Science Fiction,heroBackdropUrl,backdrop,genres/science-fiction/backdrop.jpg,genres__science-fiction__backdrop.jpg,1120.4,https://raw.githubusercontent.com/ImKaptain/nuvio-art/main/art/genres/science-fiction/science-fiction-backdrop.jpg,https://<YOUR_CLOUDFLARE_DOMAIN>/genres/science-fiction/backdrop.jpg,SUCCESS
Genres,Sports,coverImageUrl,cover,genres/sports/cover.jpg,genres__sports__cover.jpg,311.53,https://raw.githubusercontent.com/ImKaptain/nuvio-art/main/art/genres/sports/sports-cover.png,https://<YOUR_CLOUDFLARE_DOMAIN>/genres/sports/cover.jpg,SUCCESS
Genres,Sports,titleLogoUrl,logo,genres/sports/logo.png,genres__sports__logo.png,71.11,https://raw.githubusercontent.com/ImKaptain/nuvio-assets/main/TitleLogos/Sports_TitleLogo.png,https://<YOUR_CLOUDFLARE_DOMAIN>/genres/sports/logo.png,SUCCESS
Genres,Sports,focusGifUrl,hover,genres/sports/hover.jpg,genres__sports__hover.jpg,386.99,https://raw.githubusercontent.com/ImKaptain/nuvio-art/main/art/genres/sports/sports-hover.gif,https://<YOUR_CLOUDFLARE_DOMAIN>/genres/sports/hover.jpg,SUCCESS
Genres,Sports,heroBackdropUrl,backdrop,genres/sports/backdrop.jpg,genres__sports__backdrop.jpg,1226.55,https://raw.githubusercontent.com/ImKaptain/nuvio-art/main/art/genres/sports/sports-backdrop.jpg,https://<YOUR_CLOUDFLARE_DOMAIN>/genres/sports/backdrop.jpg,SUCCESS
Genres,Stand-Up Comedy,coverImageUrl,cover,genres/stand-up-comedy/cover.jpg,genres__stand-up-comedy__cover.jpg,516.58,https://raw.githubusercontent.com/ImKaptain/nuvio-art/main/art/genres/stand-up-comedy/stand-up-comedy-cover.png,https://<YOUR_CLOUDFLARE_DOMAIN>/genres/stand-up-comedy/cover.jpg,SUCCESS
Genres,Stand-Up Comedy,titleLogoUrl,logo,genres/stand-up-comedy/logo.png,genres__stand-up-comedy__logo.png,82.36,https://raw.githubusercontent.com/ImKaptain/nuvio-assets/main/TitleLogos/Stand_Up_Comedy_TitleLogo.png,https://<YOUR_CLOUDFLARE_DOMAIN>/genres/stand-up-comedy/logo.png,SUCCESS
Genres,Stand-Up Comedy,focusGifUrl,hover,genres/stand-up-comedy/hover.jpg,genres__stand-up-comedy__hover.jpg,576.03,https://raw.githubusercontent.com/ImKaptain/nuvio-art/main/art/genres/stand-up-comedy/stand-up-comedy-hover.gif,https://<YOUR_CLOUDFLARE_DOMAIN>/genres/stand-up-comedy/hover.jpg,SUCCESS
Genres,Stand-Up Comedy,heroBackdropUrl,backdrop,genres/stand-up-comedy/backdrop.jpg,genres__stand-up-comedy__backdrop.jpg,1137.86,https://raw.githubusercontent.com/ImKaptain/nuvio-art/main/art/genres/stand-up-comedy/stand-up-comedy-backdrop.jpg,https://<YOUR_CLOUDFLARE_DOMAIN>/genres/stand-up-comedy/backdrop.jpg,SUCCESS
Genres,Superhero,coverImageUrl,cover,genres/superhero/cover.jpg,genres__superhero__cover.jpg,833.48,https://raw.githubusercontent.com/ImKaptain/nuvio-art/main/art/genres/superhero/superhero-cover.png,https://<YOUR_CLOUDFLARE_DOMAIN>/genres/superhero/cover.jpg,SUCCESS
Genres,Superhero,titleLogoUrl,logo,genres/superhero/logo.png,genres__superhero__logo.png,49.52,https://raw.githubusercontent.com/ImKaptain/nuvio-assets/main/TitleLogos/Superhero_TitleLogo.png,https://<YOUR_CLOUDFLARE_DOMAIN>/genres/superhero/logo.png,SUCCESS
Genres,Superhero,focusGifUrl,hover,genres/superhero/hover.jpg,genres__superhero__hover.jpg,931.22,https://raw.githubusercontent.com/ImKaptain/nuvio-art/main/art/genres/superhero/superhero-hover.gif,https://<YOUR_CLOUDFLARE_DOMAIN>/genres/superhero/hover.jpg,SUCCESS
Genres,Superhero,heroBackdropUrl,backdrop,genres/superhero/backdrop.jpg,genres__superhero__backdrop.jpg,1398.73,https://raw.githubusercontent.com/ImKaptain/nuvio-art/main/art/genres/superhero/superhero-backdrop.jpg,https://<YOUR_CLOUDFLARE_DOMAIN>/genres/superhero/backdrop.jpg,SUCCESS
Genres,Thriller,coverImageUrl,cover,genres/thriller/cover.jpg,genres__thriller__cover.jpg,181.4,https://raw.githubusercontent.com/ImKaptain/nuvio-art/main/art/genres/thriller/thriller-cover.png,https://<YOUR_CLOUDFLARE_DOMAIN>/genres/thriller/cover.jpg,SUCCESS
Genres,Thriller,titleLogoUrl,logo,genres/thriller/logo.png,genres__thriller__logo.png,25.76,https://github.com/luckynumb3rs/stremio-perfect-setup/blob/main/collections/genres/title/thriller.png?raw=true,https://<YOUR_CLOUDFLARE_DOMAIN>/genres/thriller/logo.png,SUCCESS
Genres,Thriller,focusGifUrl,hover,genres/thriller/hover.jpg,genres__thriller__hover.jpg,255.26,https://raw.githubusercontent.com/ImKaptain/nuvio-art/main/art/genres/thriller/thriller-hover.gif,https://<YOUR_CLOUDFLARE_DOMAIN>/genres/thriller/hover.jpg,SUCCESS
Genres,Thriller,heroBackdropUrl,backdrop,genres/thriller/backdrop.jpg,genres__thriller__backdrop.jpg,1133.19,https://raw.githubusercontent.com/ImKaptain/nuvio-art/main/art/genres/thriller/thriller-backdrop.jpg,https://<YOUR_CLOUDFLARE_DOMAIN>/genres/thriller/backdrop.jpg,SUCCESS
Genres,War,coverImageUrl,cover,genres/war/cover.jpg,genres__war__cover.jpg,371.94,https://raw.githubusercontent.com/ImKaptain/nuvio-art/main/art/genres/war/war-cover.png,https://<YOUR_CLOUDFLARE_DOMAIN>/genres/war/cover.jpg,SUCCESS
Genres,War,titleLogoUrl,logo,genres/war/logo.png,genres__war__logo.png,41.62,https://raw.githubusercontent.com/ImKaptain/nuvio-assets/main/TitleLogos/War_TitleLogo.png,https://<YOUR_CLOUDFLARE_DOMAIN>/genres/war/logo.png,SUCCESS
Genres,War,focusGifUrl,hover,genres/war/hover.jpg,genres__war__hover.jpg,465.68,https://raw.githubusercontent.com/ImKaptain/nuvio-art/main/art/genres/war/war-hover.gif,https://<YOUR_CLOUDFLARE_DOMAIN>/genres/war/hover.jpg,SUCCESS
Genres,War,heroBackdropUrl,backdrop,genres/war/backdrop.jpg,genres__war__backdrop.jpg,1215.11,https://raw.githubusercontent.com/ImKaptain/nuvio-art/main/art/genres/war/war-backdrop.jpg,https://<YOUR_CLOUDFLARE_DOMAIN>/genres/war/backdrop.jpg,SUCCESS
Genres,Western,coverImageUrl,cover,genres/western/cover.jpg,genres__western__cover.jpg,265.68,https://raw.githubusercontent.com/ImKaptain/nuvio-art/main/art/genres/western/western-cover.png,https://<YOUR_CLOUDFLARE_DOMAIN>/genres/western/cover.jpg,SUCCESS
Genres,Western,titleLogoUrl,logo,genres/western/logo.png,genres__western__logo.png,53.41,https://github.com/ImKaptain/nuvio-assets/blob/main/TitleLogos/Western_TitleLogo.png?raw=true,https://<YOUR_CLOUDFLARE_DOMAIN>/genres/western/logo.png,SUCCESS
Genres,Western,focusGifUrl,hover,genres/western/hover.jpg,genres__western__hover.jpg,339.48,https://raw.githubusercontent.com/ImKaptain/nuvio-art/main/art/genres/western/western-hover.gif,https://<YOUR_CLOUDFLARE_DOMAIN>/genres/western/hover.jpg,SUCCESS
Genres,Western,heroBackdropUrl,backdrop,genres/western/backdrop.jpg,genres__western__backdrop.jpg,1230.88,https://raw.githubusercontent.com/ImKaptain/nuvio-art/main/art/genres/western/western-backdrop.jpg,https://<YOUR_CLOUDFLARE_DOMAIN>/genres/western/backdrop.jpg,SUCCESS
Moods & Vibes,Cozy & Comforting,coverImageUrl,cover,moods-and-vibes/cozy-and-comforting/cover.jpg,moods-and-vibes__cozy-and-comforting__cover.jpg,241.23,https://raw.githubusercontent.com/ImKaptain/nuvio-art/main/art/moods-and-vibes/cozy-and-comforting/cozy-and-comforting-cover.png,https://<YOUR_CLOUDFLARE_DOMAIN>/moods-and-vibes/cozy-and-comforting/cover.jpg,SUCCESS
Moods & Vibes,Cozy & Comforting,focusGifUrl,hover,moods-and-vibes/cozy-and-comforting/hover.jpg,moods-and-vibes__cozy-and-comforting__hover.jpg,269.88,https://raw.githubusercontent.com/ImKaptain/nuvio-art/main/art/moods-and-vibes/cozy-and-comforting/cozy-and-comforting-hover.gif,https://<YOUR_CLOUDFLARE_DOMAIN>/moods-and-vibes/cozy-and-comforting/hover.jpg,SUCCESS
Moods & Vibes,Cozy & Comforting,heroBackdropUrl,backdrop,moods-and-vibes/cozy-and-comforting/backdrop.jpg,moods-and-vibes__cozy-and-comforting__backdrop.jpg,1256.48,https://raw.githubusercontent.com/ImKaptain/nuvio-art/main/art/moods-and-vibes/cozy-and-comforting/cozy-and-comforting-backdrop.jpg,https://<YOUR_CLOUDFLARE_DOMAIN>/moods-and-vibes/cozy-and-comforting/backdrop.jpg,SUCCESS
Moods & Vibes,Mind-Bending,coverImageUrl,cover,moods-and-vibes/mind-bending/cover.jpg,moods-and-vibes__mind-bending__cover.jpg,284.29,https://raw.githubusercontent.com/ImKaptain/nuvio-art/main/art/moods-and-vibes/mind-bending/mind-bending-cover.png,https://<YOUR_CLOUDFLARE_DOMAIN>/moods-and-vibes/mind-bending/cover.jpg,SUCCESS
Moods & Vibes,Mind-Bending,focusGifUrl,hover,moods-and-vibes/mind-bending/hover.jpg,moods-and-vibes__mind-bending__hover.jpg,291.63,https://raw.githubusercontent.com/ImKaptain/nuvio-art/main/art/moods-and-vibes/mind-bending/mind-bending-hover.gif,https://<YOUR_CLOUDFLARE_DOMAIN>/moods-and-vibes/mind-bending/hover.jpg,SUCCESS
Moods & Vibes,Mind-Bending,heroBackdropUrl,backdrop,moods-and-vibes/mind-bending/backdrop.jpg,moods-and-vibes__mind-bending__backdrop.jpg,1194.16,https://raw.githubusercontent.com/ImKaptain/nuvio-art/main/art/moods-and-vibes/mind-bending/mind-bending-backdrop.jpg,https://<YOUR_CLOUDFLARE_DOMAIN>/moods-and-vibes/mind-bending/backdrop.jpg,SUCCESS
Moods & Vibes,Adrenaline Rush,coverImageUrl,cover,moods-and-vibes/adrenaline-rush/cover.jpg,moods-and-vibes__adrenaline-rush__cover.jpg,370.32,https://raw.githubusercontent.com/ImKaptain/nuvio-art/main/art/moods-and-vibes/adrenaline-rush/adrenaline-rush-cover.png,https://<YOUR_CLOUDFLARE_DOMAIN>/moods-and-vibes/adrenaline-rush/cover.jpg,SUCCESS
Moods & Vibes,Adrenaline Rush,focusGifUrl,hover,moods-and-vibes/adrenaline-rush/hover.jpg,moods-and-vibes__adrenaline-rush__hover.jpg,351.63,https://raw.githubusercontent.com/ImKaptain/nuvio-art/main/art/moods-and-vibes/adrenaline-rush/adrenaline-rush-hover.gif,https://<YOUR_CLOUDFLARE_DOMAIN>/moods-and-vibes/adrenaline-rush/hover.jpg,SUCCESS
Moods & Vibes,Adrenaline Rush,heroBackdropUrl,backdrop,moods-and-vibes/adrenaline-rush/backdrop.jpg,moods-and-vibes__adrenaline-rush__backdrop.jpg,1311.98,https://raw.githubusercontent.com/ImKaptain/nuvio-art/main/art/moods-and-vibes/adrenaline-rush/adrenaline-rush-backdrop.jpg,https://<YOUR_CLOUDFLARE_DOMAIN>/moods-and-vibes/adrenaline-rush/backdrop.jpg,SUCCESS
Moods & Vibes,Epic & Sweeping,coverImageUrl,cover,moods-and-vibes/epic-and-sweeping/cover.jpg,moods-and-vibes__epic-and-sweeping__cover.jpg,284.89,https://raw.githubusercontent.com/ImKaptain/nuvio-art/main/art/moods-and-vibes/epic-and-sweeping/epic-and-sweeping-cover.png,https://<YOUR_CLOUDFLARE_DOMAIN>/moods-and-vibes/epic-and-sweeping/cover.jpg,SUCCESS
Moods & Vibes,Epic & Sweeping,focusGifUrl,hover,moods-and-vibes/epic-and-sweeping/hover.jpg,moods-and-vibes__epic-and-sweeping__hover.jpg,295.87,https://raw.githubusercontent.com/ImKaptain/nuvio-art/main/art/moods-and-vibes/epic-and-sweeping/epic-and-sweeping-hover.gif,https://<YOUR_CLOUDFLARE_DOMAIN>/moods-and-vibes/epic-and-sweeping/hover.jpg,SUCCESS
Moods & Vibes,Epic & Sweeping,heroBackdropUrl,backdrop,moods-and-vibes/epic-and-sweeping/backdrop.jpg,moods-and-vibes__epic-and-sweeping__backdrop.jpg,1193.21,https://raw.githubusercontent.com/ImKaptain/nuvio-art/main/art/moods-and-vibes/epic-and-sweeping/epic-and-sweeping-backdrop.jpg,https://<YOUR_CLOUDFLARE_DOMAIN>/moods-and-vibes/epic-and-sweeping/backdrop.jpg,SUCCESS
Moods & Vibes,Feel-Good,coverImageUrl,cover,moods-and-vibes/feel-good/cover.jpg,moods-and-vibes__feel-good__cover.jpg,284.91,https://raw.githubusercontent.com/ImKaptain/nuvio-art/main/art/moods-and-vibes/feel-good/feel-good-cover.png,https://<YOUR_CLOUDFLARE_DOMAIN>/moods-and-vibes/feel-good/cover.jpg,SUCCESS
Moods & Vibes,Feel-Good,focusGifUrl,hover,moods-and-vibes/feel-good/hover.jpg,moods-and-vibes__feel-good__hover.jpg,293.3,https://raw.githubusercontent.com/ImKaptain/nuvio-art/main/art/moods-and-vibes/feel-good/feel-good-hover.gif,https://<YOUR_CLOUDFLARE_DOMAIN>/moods-and-vibes/feel-good/hover.jpg,SUCCESS
Moods & Vibes,Feel-Good,heroBackdropUrl,backdrop,moods-and-vibes/feel-good/backdrop.jpg,moods-and-vibes__feel-good__backdrop.jpg,1219.14,https://raw.githubusercontent.com/ImKaptain/nuvio-art/main/art/moods-and-vibes/feel-good/feel-good-backdrop.jpg,https://<YOUR_CLOUDFLARE_DOMAIN>/moods-and-vibes/feel-good/backdrop.jpg,SUCCESS
Moods & Vibes,Slow Burn,coverImageUrl,cover,moods-and-vibes/slow-burn/cover.jpg,moods-and-vibes__slow-burn__cover.jpg,529.87,https://raw.githubusercontent.com/ImKaptain/nuvio-art/main/art/moods-and-vibes/slow-burn/slow-burn-cover.png,https://<YOUR_CLOUDFLARE_DOMAIN>/moods-and-vibes/slow-burn/cover.jpg,SUCCESS
Moods & Vibes,Slow Burn,focusGifUrl,hover,moods-and-vibes/slow-burn/hover.jpg,moods-and-vibes__slow-burn__hover.jpg,488.1,https://raw.githubusercontent.com/ImKaptain/nuvio-art/main/art/moods-and-vibes/slow-burn/slow-burn-hover.gif,https://<YOUR_CLOUDFLARE_DOMAIN>/moods-and-vibes/slow-burn/hover.jpg,SUCCESS
Moods & Vibes,Slow Burn,heroBackdropUrl,backdrop,moods-and-vibes/slow-burn/backdrop.jpg,moods-and-vibes__slow-burn__backdrop.jpg,1045.04,https://raw.githubusercontent.com/ImKaptain/nuvio-art/main/art/moods-and-vibes/slow-burn/slow-burn-backdrop.jpg,https://<YOUR_CLOUDFLARE_DOMAIN>/moods-and-vibes/slow-burn/backdrop.jpg,SUCCESS
Moods & Vibes,Tearjerkers,coverImageUrl,cover,moods-and-vibes/tearjerkers/cover.jpg,moods-and-vibes__tearjerkers__cover.jpg,185.4,https://raw.githubusercontent.com/ImKaptain/nuvio-art/main/art/moods-and-vibes/tearjerkers/tearjerkers-cover.png,https://<YOUR_CLOUDFLARE_DOMAIN>/moods-and-vibes/tearjerkers/cover.jpg,SUCCESS
Moods & Vibes,Tearjerkers,focusGifUrl,hover,moods-and-vibes/tearjerkers/hover.jpg,moods-and-vibes__tearjerkers__hover.jpg,210.63,https://raw.githubusercontent.com/ImKaptain/nuvio-art/main/art/moods-and-vibes/tearjerkers/tearjerkers-hover.gif,https://<YOUR_CLOUDFLARE_DOMAIN>/moods-and-vibes/tearjerkers/hover.jpg,SUCCESS
Moods & Vibes,Tearjerkers,heroBackdropUrl,backdrop,moods-and-vibes/tearjerkers/backdrop.jpg,moods-and-vibes__tearjerkers__backdrop.jpg,1149.86,https://raw.githubusercontent.com/ImKaptain/nuvio-art/main/art/moods-and-vibes/tearjerkers/tearjerkers-backdrop.jpg,https://<YOUR_CLOUDFLARE_DOMAIN>/moods-and-vibes/tearjerkers/backdrop.jpg,SUCCESS
Moods & Vibes,80s & 90s Vibes,coverImageUrl,cover,moods-and-vibes/80s-and-90s-vibes/cover.jpg,moods-and-vibes__80s-and-90s-vibes__cover.jpg,568.65,https://raw.githubusercontent.com/ImKaptain/nuvio-art/main/art/moods-and-vibes/80s-and-90s-vibes/80s-and-90s-vibes-cover.png,https://<YOUR_CLOUDFLARE_DOMAIN>/moods-and-vibes/80s-and-90s-vibes/cover.jpg,SUCCESS
Moods & Vibes,80s & 90s Vibes,focusGifUrl,hover,moods-and-vibes/80s-and-90s-vibes/hover.jpg,moods-and-vibes__80s-and-90s-vibes__hover.jpg,527.13,https://raw.githubusercontent.com/ImKaptain/nuvio-art/main/art/moods-and-vibes/80s-and-90s-vibes/80s-and-90s-vibes-hover.gif,https://<YOUR_CLOUDFLARE_DOMAIN>/moods-and-vibes/80s-and-90s-vibes/hover.jpg,SUCCESS
Moods & Vibes,80s & 90s Vibes,heroBackdropUrl,backdrop,moods-and-vibes/80s-and-90s-vibes/backdrop.jpg,moods-and-vibes__80s-and-90s-vibes__backdrop.jpg,1267.08,https://raw.githubusercontent.com/ImKaptain/nuvio-art/main/art/moods-and-vibes/80s-and-90s-vibes/80s-and-90s-vibes-backdrop.jpg,https://<YOUR_CLOUDFLARE_DOMAIN>/moods-and-vibes/80s-and-90s-vibes/backdrop.jpg,SUCCESS
Moods & Vibes,Dark & Gritty,coverImageUrl,cover,moods-and-vibes/dark-and-gritty/cover.jpg,moods-and-vibes__dark-and-gritty__cover.jpg,282.34,https://raw.githubusercontent.com/ImKaptain/nuvio-art/main/art/moods-and-vibes/dark-and-gritty/dark-and-gritty-cover.png,https://<YOUR_CLOUDFLARE_DOMAIN>/moods-and-vibes/dark-and-gritty/cover.jpg,SUCCESS
Moods & Vibes,Dark & Gritty,focusGifUrl,hover,moods-and-vibes/dark-and-gritty/hover.jpg,moods-and-vibes__dark-and-gritty__hover.jpg,297.1,https://raw.githubusercontent.com/ImKaptain/nuvio-art/main/art/moods-and-vibes/dark-and-gritty/dark-and-gritty-hover.gif,https://<YOUR_CLOUDFLARE_DOMAIN>/moods-and-vibes/dark-and-gritty/hover.jpg,SUCCESS
Moods & Vibes,Dark & Gritty,heroBackdropUrl,backdrop,moods-and-vibes/dark-and-gritty/backdrop.jpg,moods-and-vibes__dark-and-gritty__backdrop.jpg,1200.82,https://raw.githubusercontent.com/ImKaptain/nuvio-art/main/art/moods-and-vibes/dark-and-gritty/dark-and-gritty-backdrop.jpg,https://<YOUR_CLOUDFLARE_DOMAIN>/moods-and-vibes/dark-and-gritty/backdrop.jpg,SUCCESS
Moods & Vibes,Spooky & Creepy,coverImageUrl,cover,moods-and-vibes/spooky-and-creepy/cover.jpg,moods-and-vibes__spooky-and-creepy__cover.jpg,197.46,https://raw.githubusercontent.com/ImKaptain/nuvio-art/main/art/moods-and-vibes/spooky-and-creepy/spooky-and-creepy-cover.png,https://<YOUR_CLOUDFLARE_DOMAIN>/moods-and-vibes/spooky-and-creepy/cover.jpg,SUCCESS
Moods & Vibes,Spooky & Creepy,focusGifUrl,hover,moods-and-vibes/spooky-and-creepy/hover.jpg,moods-and-vibes__spooky-and-creepy__hover.jpg,228.01,https://raw.githubusercontent.com/ImKaptain/nuvio-art/main/art/moods-and-vibes/spooky-and-creepy/spooky-and-creepy-hover.gif,https://<YOUR_CLOUDFLARE_DOMAIN>/moods-and-vibes/spooky-and-creepy/hover.jpg,SUCCESS
Moods & Vibes,Spooky & Creepy,heroBackdropUrl,backdrop,moods-and-vibes/spooky-and-creepy/backdrop.jpg,moods-and-vibes__spooky-and-creepy__backdrop.jpg,1206.65,https://raw.githubusercontent.com/ImKaptain/nuvio-art/main/art/moods-and-vibes/spooky-and-creepy/spooky-and-creepy-backdrop.jpg,https://<YOUR_CLOUDFLARE_DOMAIN>/moods-and-vibes/spooky-and-creepy/backdrop.jpg,SUCCESS
Networks,A&E,coverImageUrl,cover,networks/a-and-e/cover.webp,networks__a-and-e__cover.webp,37.44,https://imkaptain.github.io/nuvio-assets/assets/images/432bef0a.webp,https://<YOUR_CLOUDFLARE_DOMAIN>/networks/a-and-e/cover.webp,SUCCESS
Networks,A&E,titleLogoUrl,logo,networks/a-and-e/logo.png,networks__a-and-e__logo.png,57.17,https://raw.githubusercontent.com/bramst0ne/prism-wallpapers/main/collections/networks/129-a-e/logos/white/129_white_1.png,https://<YOUR_CLOUDFLARE_DOMAIN>/networks/a-and-e/logo.png,SUCCESS
Networks,A&E,heroBackdropUrl,backdrop,networks/a-and-e/backdrop.jpg,networks__a-and-e__backdrop.jpg,387.05,https://raw.githubusercontent.com/bramst0ne/prism-wallpapers/main/collections/networks/129-a-e/backdrops/t2_flat_1080p.jpg,https://<YOUR_CLOUDFLARE_DOMAIN>/networks/a-and-e/backdrop.jpg,SUCCESS
Networks,ABC,coverImageUrl,cover,networks/abc/cover.webp,networks__abc__cover.webp,38.93,https://imkaptain.github.io/nuvio-assets/assets/images/87c328c8.webp,https://<YOUR_CLOUDFLARE_DOMAIN>/networks/abc/cover.webp,SUCCESS
Networks,ABC,titleLogoUrl,logo,networks/abc/logo.webp,networks__abc__logo.webp,7.71,https://imkaptain.github.io/nuvio-assets/assets/images/9290f56c.webp,https://<YOUR_CLOUDFLARE_DOMAIN>/networks/abc/logo.webp,SUCCESS
Networks,ABC,heroBackdropUrl,backdrop,networks/abc/backdrop.webp,networks__abc__backdrop.webp,122.78,https://imkaptain.github.io/nuvio-assets/assets/images/182ca355.webp,https://<YOUR_CLOUDFLARE_DOMAIN>/networks/abc/backdrop.webp,SUCCESS
Networks,Adult Swim,coverImageUrl,cover,networks/adult-swim/cover.webp,networks__adult-swim__cover.webp,39.24,https://imkaptain.github.io/nuvio-assets/assets/images/7f89a1fe.webp,https://<YOUR_CLOUDFLARE_DOMAIN>/networks/adult-swim/cover.webp,SUCCESS
Networks,Adult Swim,titleLogoUrl,logo,networks/adult-swim/logo.png,networks__adult-swim__logo.png,39.63,https://github.com/bramst0ne/prism-wallpapers/blob/main/collections/networks/80-adult-swim/logos/white/80_color_1.png?raw=true,https://<YOUR_CLOUDFLARE_DOMAIN>/networks/adult-swim/logo.png,SUCCESS
Networks,Adult Swim,heroBackdropUrl,backdrop,networks/adult-swim/backdrop.jpg,networks__adult-swim__backdrop.jpg,441.1,https://raw.githubusercontent.com/bramst0ne/prism-wallpapers/main/collections/networks/80-adult-swim/backdrops/t2_flat_1080p.jpg,https://<YOUR_CLOUDFLARE_DOMAIN>/networks/adult-swim/backdrop.jpg,SUCCESS
Networks,AMC,coverImageUrl,cover,networks/amc/cover.webp,networks__amc__cover.webp,40.24,https://imkaptain.github.io/nuvio-assets/assets/images/4b0653c0.webp,https://<YOUR_CLOUDFLARE_DOMAIN>/networks/amc/cover.webp,SUCCESS
Networks,AMC,titleLogoUrl,logo,networks/amc/logo.png,networks__amc__logo.png,49.59,https://raw.githubusercontent.com/bramst0ne/prism-wallpapers/main/collections/networks/174-amc/logos/white/174_white_1.png,https://<YOUR_CLOUDFLARE_DOMAIN>/networks/amc/logo.png,SUCCESS
Networks,AMC,heroBackdropUrl,backdrop,networks/amc/backdrop.jpg,networks__amc__backdrop.jpg,364.8,https://raw.githubusercontent.com/bramst0ne/prism-wallpapers/main/collections/networks/174-amc/backdrops/t2_flat_1080p.jpg,https://<YOUR_CLOUDFLARE_DOMAIN>/networks/amc/backdrop.jpg,SUCCESS
Networks,BBC One,coverImageUrl,cover,networks/bbc-one/cover.webp,networks__bbc-one__cover.webp,41.41,https://imkaptain.github.io/nuvio-assets/assets/images/f82f16bb.webp,https://<YOUR_CLOUDFLARE_DOMAIN>/networks/bbc-one/cover.webp,SUCCESS
Networks,BBC One,titleLogoUrl,logo,networks/bbc-one/logo.png,networks__bbc-one__logo.png,102.21,https://raw.githubusercontent.com/bramst0ne/prism-wallpapers/main/collections/networks/4-bbc-one/logos/color/4_color_1.png,https://<YOUR_CLOUDFLARE_DOMAIN>/networks/bbc-one/logo.png,SUCCESS
Networks,BBC One,heroBackdropUrl,backdrop,networks/bbc-one/backdrop.jpg,networks__bbc-one__backdrop.jpg,412.46,https://raw.githubusercontent.com/bramst0ne/prism-wallpapers/main/collections/networks/4-bbc-one/backdrops/t2_flat_1080p.jpg,https://<YOUR_CLOUDFLARE_DOMAIN>/networks/bbc-one/backdrop.jpg,SUCCESS
Networks,Bravo,coverImageUrl,cover,networks/bravo/cover.webp,networks__bravo__cover.webp,36.4,https://imkaptain.github.io/nuvio-assets/assets/images/3aa2d1fb.webp,https://<YOUR_CLOUDFLARE_DOMAIN>/networks/bravo/cover.webp,SUCCESS
Networks,Bravo,titleLogoUrl,logo,networks/bravo/logo.webp,networks__bravo__logo.webp,38.3,https://upload.wikimedia.org/wikipedia/commons/thumb/2/22/Bravo_2024.svg/1280px-Bravo_2024.svg.png?_=20240830155357,https://<YOUR_CLOUDFLARE_DOMAIN>/networks/bravo/logo.webp,SUCCESS
Networks,Bravo,heroBackdropUrl,backdrop,networks/bravo/backdrop.webp,networks__bravo__backdrop.webp,104.8,https://imkaptain.github.io/nuvio-assets/assets/images/85608855.webp,https://<YOUR_CLOUDFLARE_DOMAIN>/networks/bravo/backdrop.webp,SUCCESS
Networks,Cartoon Network,coverImageUrl,cover,networks/cartoon-network/cover.webp,networks__cartoon-network__cover.webp,37.91,https://imkaptain.github.io/nuvio-assets/assets/images/ed31433e.webp,https://<YOUR_CLOUDFLARE_DOMAIN>/networks/cartoon-network/cover.webp,SUCCESS
Networks,Cartoon Network,titleLogoUrl,logo,networks/cartoon-network/logo.png,networks__cartoon-network__logo.png,72.4,https://raw.githubusercontent.com/bramst0ne/prism-wallpapers/main/collections/networks/56-cartoon-network/logos/white/56_white_1.png,https://<YOUR_CLOUDFLARE_DOMAIN>/networks/cartoon-network/logo.png,SUCCESS
Networks,Cartoon Network,heroBackdropUrl,backdrop,networks/cartoon-network/backdrop.jpg,networks__cartoon-network__backdrop.jpg,498.15,https://raw.githubusercontent.com/bramst0ne/prism-wallpapers/main/collections/networks/56-cartoon-network/backdrops/t2_flat_1080p.jpg,https://<YOUR_CLOUDFLARE_DOMAIN>/networks/cartoon-network/backdrop.jpg,SUCCESS
Networks,CBS,coverImageUrl,cover,networks/cbs/cover.webp,networks__cbs__cover.webp,41.53,https://imkaptain.github.io/nuvio-assets/assets/images/9b1d1326.webp,https://<YOUR_CLOUDFLARE_DOMAIN>/networks/cbs/cover.webp,SUCCESS
Networks,CBS,titleLogoUrl,logo,networks/cbs/logo.png,networks__cbs__logo.png,70.5,https://raw.githubusercontent.com/bramst0ne/prism-wallpapers/main/collections/networks/16-cbs/logos/color/16_color_1.png,https://<YOUR_CLOUDFLARE_DOMAIN>/networks/cbs/logo.png,SUCCESS
Networks,CBS,heroBackdropUrl,backdrop,networks/cbs/backdrop.jpg,networks__cbs__backdrop.jpg,412.45,https://raw.githubusercontent.com/bramst0ne/prism-wallpapers/main/collections/networks/16-cbs/backdrops/t2_flat_1080p.jpg,https://<YOUR_CLOUDFLARE_DOMAIN>/networks/cbs/backdrop.jpg,SUCCESS
Networks,Channel 4,coverImageUrl,cover,networks/channel-4/cover.webp,networks__channel-4__cover.webp,39.44,https://imkaptain.github.io/nuvio-assets/assets/images/04b2f822.webp,https://<YOUR_CLOUDFLARE_DOMAIN>/networks/channel-4/cover.webp,SUCCESS
Networks,Channel 4,titleLogoUrl,logo,networks/channel-4/logo.svg,networks__channel-4__logo.svg,4.42,https://upload.wikimedia.org/wikipedia/commons/4/46/All_4_%282019%29.svg,https://<YOUR_CLOUDFLARE_DOMAIN>/networks/channel-4/logo.svg,SUCCESS
Networks,Channel 4,heroBackdropUrl,backdrop,networks/channel-4/backdrop.webp,networks__channel-4__backdrop.webp,259.21,https://imkaptain.github.io/nuvio-assets/assets/images/92b8e782.webp,https://<YOUR_CLOUDFLARE_DOMAIN>/networks/channel-4/backdrop.webp,SUCCESS
Networks,Comedy Central,coverImageUrl,cover,networks/comedy-central/cover.webp,networks__comedy-central__cover.webp,42.37,https://imkaptain.github.io/nuvio-assets/assets/images/e1e8bd50.webp,https://<YOUR_CLOUDFLARE_DOMAIN>/networks/comedy-central/cover.webp,SUCCESS
Networks,Comedy Central,titleLogoUrl,logo,networks/comedy-central/logo.png,networks__comedy-central__logo.png,247.15,https://i.ibb.co/ymrq1SpG/comedy-central-logo-television-channel-comedy-e983e6aa5a9a3e41b57160d443b80a20.png,https://<YOUR_CLOUDFLARE_DOMAIN>/networks/comedy-central/logo.png,SUCCESS
Networks,Comedy Central,heroBackdropUrl,backdrop,networks/comedy-central/backdrop.webp,networks__comedy-central__backdrop.webp,109.1,https://imkaptain.github.io/nuvio-assets/assets/images/43f276d8.webp,https://<YOUR_CLOUDFLARE_DOMAIN>/networks/comedy-central/backdrop.webp,SUCCESS
Networks,Discovery,coverImageUrl,cover,networks/discovery/cover.webp,networks__discovery__cover.webp,39.94,https://imkaptain.github.io/nuvio-assets/assets/images/f3d39dd3.webp,https://<YOUR_CLOUDFLARE_DOMAIN>/networks/discovery/cover.webp,SUCCESS
Networks,Discovery,titleLogoUrl,logo,networks/discovery/logo.png,networks__discovery__logo.png,463.64,https://raw.githubusercontent.com/bramst0ne/prism-wallpapers/main/collections/networks/4353-discovery/logos/color/4353_color_1.png,https://<YOUR_CLOUDFLARE_DOMAIN>/networks/discovery/logo.png,SUCCESS
Networks,Discovery,heroBackdropUrl,backdrop,networks/discovery/backdrop.jpg,networks__discovery__backdrop.jpg,414.43,https://raw.githubusercontent.com/bramst0ne/prism-wallpapers/main/collections/networks/4353-discovery/backdrops/t2_flat_1080p.jpg,https://<YOUR_CLOUDFLARE_DOMAIN>/networks/discovery/backdrop.jpg,SUCCESS
Networks,Disney Channel,coverImageUrl,cover,networks/disney-channel/cover.webp,networks__disney-channel__cover.webp,42.97,https://imkaptain.github.io/nuvio-assets/assets/images/d5d2d6f0.webp,https://<YOUR_CLOUDFLARE_DOMAIN>/networks/disney-channel/cover.webp,SUCCESS
Networks,Disney Channel,titleLogoUrl,logo,networks/disney-channel/logo.png,networks__disney-channel__logo.png,124.94,https://i.ibb.co/kVzspf0h/DChannel.png,https://<YOUR_CLOUDFLARE_DOMAIN>/networks/disney-channel/logo.png,SUCCESS
Networks,Disney Channel,heroBackdropUrl,backdrop,networks/disney-channel/backdrop.webp,networks__disney-channel__backdrop.webp,83.33,https://imkaptain.github.io/nuvio-assets/assets/images/e6097be2.webp,https://<YOUR_CLOUDFLARE_DOMAIN>/networks/disney-channel/backdrop.webp,SUCCESS
Networks,FOX,coverImageUrl,cover,networks/fox/cover.webp,networks__fox__cover.webp,39.97,https://imkaptain.github.io/nuvio-assets/assets/images/a7024a73.webp,https://<YOUR_CLOUDFLARE_DOMAIN>/networks/fox/cover.webp,SUCCESS
Networks,FOX,titleLogoUrl,logo,networks/fox/logo.png,networks__fox__logo.png,57.95,https://raw.githubusercontent.com/bramst0ne/prism-wallpapers/main/collections/networks/19-fox/logos/white/19_white_1.png,https://<YOUR_CLOUDFLARE_DOMAIN>/networks/fox/logo.png,SUCCESS
Networks,FOX,heroBackdropUrl,backdrop,networks/fox/backdrop.jpg,networks__fox__backdrop.jpg,394.63,https://raw.githubusercontent.com/bramst0ne/prism-wallpapers/main/collections/networks/19-fox/backdrops/t2_flat_1080p.jpg,https://<YOUR_CLOUDFLARE_DOMAIN>/networks/fox/backdrop.jpg,SUCCESS
Networks,FX,coverImageUrl,cover,networks/fx/cover.webp,networks__fx__cover.webp,36.86,https://imkaptain.github.io/nuvio-assets/assets/images/a4c103a3.webp,https://<YOUR_CLOUDFLARE_DOMAIN>/networks/fx/cover.webp,SUCCESS
Networks,FX,titleLogoUrl,logo,networks/fx/logo.png,networks__fx__logo.png,68.9,https://raw.githubusercontent.com/bramst0ne/prism-wallpapers/main/collections/networks/88-fx/logos/white/88_white_1.png,https://<YOUR_CLOUDFLARE_DOMAIN>/networks/fx/logo.png,SUCCESS
Networks,FX,heroBackdropUrl,backdrop,networks/fx/backdrop.jpg,networks__fx__backdrop.jpg,366.87,https://raw.githubusercontent.com/bramst0ne/prism-wallpapers/main/collections/networks/88-fx/backdrops/t2_flat_1080p.jpg,https://<YOUR_CLOUDFLARE_DOMAIN>/networks/fx/backdrop.jpg,SUCCESS
Networks,HBO,coverImageUrl,cover,networks/hbo/cover.webp,networks__hbo__cover.webp,38.25,https://imkaptain.github.io/nuvio-assets/assets/images/aaf5b516.webp,https://<YOUR_CLOUDFLARE_DOMAIN>/networks/hbo/cover.webp,SUCCESS
Networks,HBO,titleLogoUrl,logo,networks/hbo/logo.png,networks__hbo__logo.png,72.12,https://github.com/bramst0ne/prism-wallpapers/blob/main/collections/networks/49-hbo/logos/white/49_white.png?raw=true,https://<YOUR_CLOUDFLARE_DOMAIN>/networks/hbo/logo.png,SUCCESS
Networks,HBO,heroBackdropUrl,backdrop,networks/hbo/backdrop.jpg,networks__hbo__backdrop.jpg,394.63,https://raw.githubusercontent.com/bramst0ne/prism-wallpapers/main/collections/networks/49-hbo/backdrops/t2_flat_1080p.jpg,https://<YOUR_CLOUDFLARE_DOMAIN>/networks/hbo/backdrop.jpg,SUCCESS
Networks,HGTV,coverImageUrl,cover,networks/hgtv/cover.webp,networks__hgtv__cover.webp,39.07,https://imkaptain.github.io/nuvio-assets/assets/images/59fe69b6.webp,https://<YOUR_CLOUDFLARE_DOMAIN>/networks/hgtv/cover.webp,SUCCESS
Networks,HGTV,titleLogoUrl,logo,networks/hgtv/logo.png,networks__hgtv__logo.png,97.58,https://upload.wikimedia.org/wikipedia/commons/0/05/HGTV_logo.png,https://<YOUR_CLOUDFLARE_DOMAIN>/networks/hgtv/logo.png,SUCCESS
Networks,HGTV,heroBackdropUrl,backdrop,networks/hgtv/backdrop.webp,networks__hgtv__backdrop.webp,98.43,https://imkaptain.github.io/nuvio-assets/assets/images/a38da022.webp,https://<YOUR_CLOUDFLARE_DOMAIN>/networks/hgtv/backdrop.webp,SUCCESS
Networks,History,coverImageUrl,cover,networks/history/cover.webp,networks__history__cover.webp,39.12,https://imkaptain.github.io/nuvio-assets/assets/images/401788ec.webp,https://<YOUR_CLOUDFLARE_DOMAIN>/networks/history/cover.webp,SUCCESS
Networks,History,titleLogoUrl,logo,networks/history/logo.png,networks__history__logo.png,138.23,https://raw.githubusercontent.com/bramst0ne/prism-wallpapers/main/collections/networks/65-history/logos/color/65_color_1.png,https://<YOUR_CLOUDFLARE_DOMAIN>/networks/history/logo.png,SUCCESS
Networks,History,heroBackdropUrl,backdrop,networks/history/backdrop.jpg,networks__history__backdrop.jpg,379.79,https://raw.githubusercontent.com/bramst0ne/prism-wallpapers/main/collections/networks/65-history/backdrops/t2_flat_1080p.jpg,https://<YOUR_CLOUDFLARE_DOMAIN>/networks/history/backdrop.jpg,SUCCESS
Networks,MTV,coverImageUrl,cover,networks/mtv/cover.webp,networks__mtv__cover.webp,46.44,https://imkaptain.github.io/nuvio-assets/assets/images/b39708e3.webp,https://<YOUR_CLOUDFLARE_DOMAIN>/networks/mtv/cover.webp,SUCCESS
Networks,MTV,titleLogoUrl,logo,networks/mtv/logo.png,networks__mtv__logo.png,362.86,https://i.ibb.co/B5kXzN9n/mtv-png-logo-3196.png,https://<YOUR_CLOUDFLARE_DOMAIN>/networks/mtv/logo.png,SUCCESS
Networks,MTV,heroBackdropUrl,backdrop,networks/mtv/backdrop.webp,networks__mtv__backdrop.webp,122.17,https://imkaptain.github.io/nuvio-assets/assets/images/307c1d62.webp,https://<YOUR_CLOUDFLARE_DOMAIN>/networks/mtv/backdrop.webp,SUCCESS
Networks,National Geographic,coverImageUrl,cover,networks/national-geographic/cover.webp,networks__national-geographic__cover.webp,41.94,https://imkaptain.github.io/nuvio-assets/assets/images/3f505473.webp,https://<YOUR_CLOUDFLARE_DOMAIN>/networks/national-geographic/cover.webp,SUCCESS
Networks,National Geographic,titleLogoUrl,logo,networks/national-geographic/logo.png,networks__national-geographic__logo.png,67.63,https://raw.githubusercontent.com/bramst0ne/prism-wallpapers/main/collections/networks/43-national-geographic/logos/color/43_color_1.png,https://<YOUR_CLOUDFLARE_DOMAIN>/networks/national-geographic/logo.png,SUCCESS
Networks,National Geographic,heroBackdropUrl,backdrop,networks/national-geographic/backdrop.jpg,networks__national-geographic__backdrop.jpg,406.43,https://raw.githubusercontent.com/bramst0ne/prism-wallpapers/main/collections/networks/43-national-geographic/backdrops/t2_flat_1080p.jpg,https://<YOUR_CLOUDFLARE_DOMAIN>/networks/national-geographic/backdrop.jpg,SUCCESS
Networks,NBC,coverImageUrl,cover,networks/nbc/cover.webp,networks__nbc__cover.webp,41.4,https://imkaptain.github.io/nuvio-assets/assets/images/4d3847a8.webp,https://<YOUR_CLOUDFLARE_DOMAIN>/networks/nbc/cover.webp,SUCCESS
Networks,NBC,titleLogoUrl,logo,networks/nbc/logo.png,networks__nbc__logo.png,105.25,https://raw.githubusercontent.com/bramst0ne/prism-wallpapers/main/collections/networks/6-nbc/logos/color/6_color_1.png,https://<YOUR_CLOUDFLARE_DOMAIN>/networks/nbc/logo.png,SUCCESS
Networks,NBC,heroBackdropUrl,backdrop,networks/nbc/backdrop.jpg,networks__nbc__backdrop.jpg,409.52,https://raw.githubusercontent.com/bramst0ne/prism-wallpapers/main/collections/networks/6-nbc/backdrops/t2_flat_1080p.jpg,https://<YOUR_CLOUDFLARE_DOMAIN>/networks/nbc/backdrop.jpg,SUCCESS
Networks,Nickelodeon,coverImageUrl,cover,networks/nickelodeon/cover.webp,networks__nickelodeon__cover.webp,42.97,https://imkaptain.github.io/nuvio-assets/assets/images/562fa555.webp,https://<YOUR_CLOUDFLARE_DOMAIN>/networks/nickelodeon/cover.webp,SUCCESS
Networks,Nickelodeon,titleLogoUrl,logo,networks/nickelodeon/logo.png,networks__nickelodeon__logo.png,99.31,https://raw.githubusercontent.com/bramst0ne/prism-wallpapers/main/collections/networks/13-nickelodeon/logos/color/13_color_1.png,https://<YOUR_CLOUDFLARE_DOMAIN>/networks/nickelodeon/logo.png,SUCCESS
Networks,Nickelodeon,heroBackdropUrl,backdrop,networks/nickelodeon/backdrop.jpg,networks__nickelodeon__backdrop.jpg,457.72,https://raw.githubusercontent.com/bramst0ne/prism-wallpapers/main/collections/networks/13-nickelodeon/backdrops/t2_flat_1080p.jpg,https://<YOUR_CLOUDFLARE_DOMAIN>/networks/nickelodeon/backdrop.jpg,SUCCESS
Networks,PBS,coverImageUrl,cover,networks/pbs/cover.webp,networks__pbs__cover.webp,41.62,https://imkaptain.github.io/nuvio-assets/assets/images/84fc2c10.webp,https://<YOUR_CLOUDFLARE_DOMAIN>/networks/pbs/cover.webp,SUCCESS
Networks,PBS,titleLogoUrl,logo,networks/pbs/logo.webp,networks__pbs__logo.webp,15.45,https://upload.wikimedia.org/wikipedia/commons/thumb/8/89/PBS_logo_2019.svg/1280px-PBS_logo_2019.svg.png,https://<YOUR_CLOUDFLARE_DOMAIN>/networks/pbs/logo.webp,SUCCESS
Networks,PBS,heroBackdropUrl,backdrop,networks/pbs/backdrop.webp,networks__pbs__backdrop.webp,152.97,https://imkaptain.github.io/nuvio-assets/assets/images/60ea0156.webp,https://<YOUR_CLOUDFLARE_DOMAIN>/networks/pbs/backdrop.webp,SUCCESS
Networks,Showtime,coverImageUrl,cover,networks/showtime/cover.webp,networks__showtime__cover.webp,42.83,https://imkaptain.github.io/nuvio-assets/assets/images/71d38c0d.webp,https://<YOUR_CLOUDFLARE_DOMAIN>/networks/showtime/cover.webp,SUCCESS
Networks,Showtime,titleLogoUrl,logo,networks/showtime/logo.png,networks__showtime__logo.png,102.3,https://raw.githubusercontent.com/bramst0ne/prism-wallpapers/main/collections/networks/67-showtime/logos/color/67_color_1.png,https://<YOUR_CLOUDFLARE_DOMAIN>/networks/showtime/logo.png,SUCCESS
Networks,Showtime,heroBackdropUrl,backdrop,networks/showtime/backdrop.jpg,networks__showtime__backdrop.jpg,407.73,https://raw.githubusercontent.com/bramst0ne/prism-wallpapers/main/collections/networks/67-showtime/backdrops/t2_flat_1080p.jpg,https://<YOUR_CLOUDFLARE_DOMAIN>/networks/showtime/backdrop.jpg,SUCCESS
Networks,STARZ,coverImageUrl,cover,networks/starz/cover.webp,networks__starz__cover.webp,40.81,https://imkaptain.github.io/nuvio-assets/assets/images/fc06746f.webp,https://<YOUR_CLOUDFLARE_DOMAIN>/networks/starz/cover.webp,SUCCESS
Networks,STARZ,titleLogoUrl,logo,networks/starz/logo.png,networks__starz__logo.png,170.58,https://raw.githubusercontent.com/bramst0ne/prism-wallpapers/main/collections/networks/318-starz/logos/color/318_color_1.png,https://<YOUR_CLOUDFLARE_DOMAIN>/networks/starz/logo.png,SUCCESS
Networks,STARZ,heroBackdropUrl,backdrop,networks/starz/backdrop.jpg,networks__starz__backdrop.jpg,402.13,https://raw.githubusercontent.com/bramst0ne/prism-wallpapers/main/collections/networks/318-starz/backdrops/t2_flat_1080p.jpg,https://<YOUR_CLOUDFLARE_DOMAIN>/networks/starz/backdrop.jpg,SUCCESS
Networks,Syfy,coverImageUrl,cover,networks/syfy/cover.webp,networks__syfy__cover.webp,37.74,https://imkaptain.github.io/nuvio-assets/assets/images/183b8146.webp,https://<YOUR_CLOUDFLARE_DOMAIN>/networks/syfy/cover.webp,SUCCESS
Networks,Syfy,titleLogoUrl,logo,networks/syfy/logo.png,networks__syfy__logo.png,12.96,https://i.ibb.co/mY55Qsm/6mb79l5raat3t3r0j7bqa30evg-d55da80b9334362fe5eeb69285a600c7.png,https://<YOUR_CLOUDFLARE_DOMAIN>/networks/syfy/logo.png,SUCCESS
Networks,Syfy,heroBackdropUrl,backdrop,networks/syfy/backdrop.webp,networks__syfy__backdrop.webp,98.63,https://imkaptain.github.io/nuvio-assets/assets/images/d7951f63.webp,https://<YOUR_CLOUDFLARE_DOMAIN>/networks/syfy/backdrop.webp,SUCCESS
Networks,TBS,coverImageUrl,cover,networks/tbs/cover.webp,networks__tbs__cover.webp,36.63,https://imkaptain.github.io/nuvio-assets/assets/images/fda899b1.webp,https://<YOUR_CLOUDFLARE_DOMAIN>/networks/tbs/cover.webp,SUCCESS
Networks,TBS,titleLogoUrl,logo,networks/tbs/logo.png,networks__tbs__logo.png,586.63,https://github.com/bramst0ne/prism-wallpapers/blob/main/collections/networks/68-tbs/logos/color/68_color_2.png?raw=true,https://<YOUR_CLOUDFLARE_DOMAIN>/networks/tbs/logo.png,SUCCESS
Networks,TBS,heroBackdropUrl,backdrop,networks/tbs/backdrop.jpg,networks__tbs__backdrop.jpg,450.29,https://github.com/bramst0ne/prism-wallpapers/blob/main/collections/networks/68-tbs/backdrops/t2_flat_1080p.jpg?raw=true,https://<YOUR_CLOUDFLARE_DOMAIN>/networks/tbs/backdrop.jpg,SUCCESS
Networks,The CW,coverImageUrl,cover,networks/the-cw/cover.webp,networks__the-cw__cover.webp,38.51,https://imkaptain.github.io/nuvio-assets/assets/images/e23a721e.webp,https://<YOUR_CLOUDFLARE_DOMAIN>/networks/the-cw/cover.webp,SUCCESS
Networks,The CW,titleLogoUrl,logo,networks/the-cw/logo.png,networks__the-cw__logo.png,63.92,https://raw.githubusercontent.com/bramst0ne/prism-wallpapers/main/collections/networks/71-the-cw/logos/color/71_color_1.png,https://<YOUR_CLOUDFLARE_DOMAIN>/networks/the-cw/logo.png,SUCCESS
Networks,The CW,heroBackdropUrl,backdrop,networks/the-cw/backdrop.jpg,networks__the-cw__backdrop.jpg,430.08,https://raw.githubusercontent.com/bramst0ne/prism-wallpapers/main/collections/networks/71-the-cw/backdrops/t2_flat_1080p.jpg,https://<YOUR_CLOUDFLARE_DOMAIN>/networks/the-cw/backdrop.jpg,SUCCESS
Networks,TLC,coverImageUrl,cover,networks/tlc/cover.webp,networks__tlc__cover.webp,38.88,https://imkaptain.github.io/nuvio-assets/assets/images/f44ae53b.webp,https://<YOUR_CLOUDFLARE_DOMAIN>/networks/tlc/cover.webp,SUCCESS
Networks,TLC,titleLogoUrl,logo,networks/tlc/logo.svg,networks__tlc__logo.svg,6.29,https://upload.wikimedia.org/wikipedia/commons/7/74/TLC_Logo.svg,https://<YOUR_CLOUDFLARE_DOMAIN>/networks/tlc/logo.svg,SUCCESS
Networks,TLC,heroBackdropUrl,backdrop,networks/tlc/backdrop.jpg,networks__tlc__backdrop.jpg,414.43,https://raw.githubusercontent.com/bramst0ne/prism-wallpapers/main/collections/networks/84-discovery/backdrops/t2_flat_1080p.jpg,https://<YOUR_CLOUDFLARE_DOMAIN>/networks/tlc/backdrop.jpg,SUCCESS
Networks,TNT,coverImageUrl,cover,networks/tnt/cover.webp,networks__tnt__cover.webp,36.71,https://imkaptain.github.io/nuvio-assets/assets/images/a47a3699.webp,https://<YOUR_CLOUDFLARE_DOMAIN>/networks/tnt/cover.webp,SUCCESS
Networks,TNT,titleLogoUrl,logo,networks/tnt/logo.png,networks__tnt__logo.png,27.62,https://i.ibb.co/wFTnvQ4M/658mabeqhdqt1rqofbt7oo99g3-845c439275155d9bbdfd826eb2f66f40-2.png,https://<YOUR_CLOUDFLARE_DOMAIN>/networks/tnt/logo.png,SUCCESS
Networks,TNT,heroBackdropUrl,backdrop,networks/tnt/backdrop.webp,networks__tnt__backdrop.webp,48.31,https://imkaptain.github.io/nuvio-assets/assets/images/c210656e.webp,https://<YOUR_CLOUDFLARE_DOMAIN>/networks/tnt/backdrop.webp,SUCCESS
Networks,USA Network,coverImageUrl,cover,networks/usa-network/cover.webp,networks__usa-network__cover.webp,40.15,https://imkaptain.github.io/nuvio-assets/assets/images/4076b67f.webp,https://<YOUR_CLOUDFLARE_DOMAIN>/networks/usa-network/cover.webp,SUCCESS
Networks,USA Network,titleLogoUrl,logo,networks/usa-network/logo.png,networks__usa-network__logo.png,102.94,https://raw.githubusercontent.com/bramst0ne/prism-wallpapers/main/collections/networks/30-usa-network/logos/color/30_color_1.png,https://<YOUR_CLOUDFLARE_DOMAIN>/networks/usa-network/logo.png,SUCCESS
Networks,USA Network,heroBackdropUrl,backdrop,networks/usa-network/backdrop.jpg,networks__usa-network__backdrop.jpg,421.19,https://raw.githubusercontent.com/bramst0ne/prism-wallpapers/main/collections/networks/30-usa-network/backdrops/t2_flat_1080p.jpg,https://<YOUR_CLOUDFLARE_DOMAIN>/networks/usa-network/backdrop.jpg,SUCCESS
Studios,20th Century Studios,coverImageUrl,cover,studios/20th-century-studios/cover.webp,studios__20th-century-studios__cover.webp,16.83,https://imkaptain.github.io/nuvio-assets/assets/images/a113a652.webp,https://<YOUR_CLOUDFLARE_DOMAIN>/studios/20th-century-studios/cover.webp,SUCCESS
Studios,20th Century Studios,titleLogoUrl,logo,studios/20th-century-studios/logo.png,studios__20th-century-studios__logo.png,251.07,https://raw.githubusercontent.com/bramst0ne/prism-wallpapers/main/collections/companies/127928-20th-century-studios/logos/white/127928_white_1.png,https://<YOUR_CLOUDFLARE_DOMAIN>/studios/20th-century-studios/logo.png,SUCCESS
Studios,20th Century Studios,heroBackdropUrl,backdrop,studios/20th-century-studios/backdrop.jpg,studios__20th-century-studios__backdrop.jpg,367.74,https://raw.githubusercontent.com/bramst0ne/prism-wallpapers/main/collections/companies/127928-20th-century-studios/backdrops/t2_flat_1080p.jpg,https://<YOUR_CLOUDFLARE_DOMAIN>/studios/20th-century-studios/backdrop.jpg,SUCCESS
Studios,A24,coverImageUrl,cover,studios/a24/cover.webp,studios__a24__cover.webp,3.63,https://imkaptain.github.io/nuvio-assets/assets/images/59095acb.webp,https://<YOUR_CLOUDFLARE_DOMAIN>/studios/a24/cover.webp,SUCCESS
Studios,A24,titleLogoUrl,logo,studios/a24/logo.png,studios__a24__logo.png,410.57,https://raw.githubusercontent.com/bramst0ne/prism-wallpapers/main/collections/companies/41077-a24/logos/color/41077_color_1.png,https://<YOUR_CLOUDFLARE_DOMAIN>/studios/a24/logo.png,SUCCESS
Studios,A24,heroBackdropUrl,backdrop,studios/a24/backdrop.jpg,studios__a24__backdrop.jpg,369.71,https://raw.githubusercontent.com/bramst0ne/prism-wallpapers/main/collections/companies/41077-a24/backdrops/t2_flat_1080p.jpg,https://<YOUR_CLOUDFLARE_DOMAIN>/studios/a24/backdrop.jpg,SUCCESS
Studios,Blumhouse Productions,coverImageUrl,cover,studios/blumhouse-productions/cover.webp,studios__blumhouse-productions__cover.webp,6.12,https://imkaptain.github.io/nuvio-assets/assets/images/f85766ed.webp,https://<YOUR_CLOUDFLARE_DOMAIN>/studios/blumhouse-productions/cover.webp,SUCCESS
Studios,Blumhouse Productions,titleLogoUrl,logo,studios/blumhouse-productions/logo.png,studios__blumhouse-productions__logo.png,64.49,https://raw.githubusercontent.com/bramst0ne/prism-wallpapers/main/collections/companies/3172-blumhouse-productions/logos/white/3172_white_1.png,https://<YOUR_CLOUDFLARE_DOMAIN>/studios/blumhouse-productions/logo.png,SUCCESS
Studios,Blumhouse Productions,heroBackdropUrl,backdrop,studios/blumhouse-productions/backdrop.jpg,studios__blumhouse-productions__backdrop.jpg,339.48,https://raw.githubusercontent.com/bramst0ne/prism-wallpapers/main/collections/companies/3172-blumhouse-productions/backdrops/t2_flat_1080p.jpg,https://<YOUR_CLOUDFLARE_DOMAIN>/studios/blumhouse-productions/backdrop.jpg,SUCCESS
Studios,DC,coverImageUrl,cover,studios/dc/cover.webp,studios__dc__cover.webp,8.93,https://imkaptain.github.io/nuvio-assets/assets/images/eb3ea02f.webp,https://<YOUR_CLOUDFLARE_DOMAIN>/studios/dc/cover.webp,SUCCESS
Studios,DC,titleLogoUrl,logo,studios/dc/logo.png,studios__dc__logo.png,116.18,https://raw.githubusercontent.com/bramst0ne/prism-wallpapers/main/collections/companies/429-dc/logos/color/429_color_1.png,https://<YOUR_CLOUDFLARE_DOMAIN>/studios/dc/logo.png,SUCCESS
Studios,DC,heroBackdropUrl,backdrop,studios/dc/backdrop.jpg,studios__dc__backdrop.jpg,430.14,https://raw.githubusercontent.com/bramst0ne/prism-wallpapers/main/collections/companies/429-dc/backdrops/t2_flat_1080p.jpg,https://<YOUR_CLOUDFLARE_DOMAIN>/studios/dc/backdrop.jpg,SUCCESS
Studios,DreamWorks Pictures,coverImageUrl,cover,studios/dreamworks-pictures/cover.png,studios__dreamworks-pictures__cover.png,984.22,https://i.imgur.com/HK9oP0V.png,https://<YOUR_CLOUDFLARE_DOMAIN>/studios/dreamworks-pictures/cover.png,SUCCESS
Studios,DreamWorks Pictures,titleLogoUrl,logo,studios/dreamworks-pictures/logo.png,studios__dreamworks-pictures__logo.png,55.23,https://raw.githubusercontent.com/bramst0ne/prism-wallpapers/main/collections/companies/7-dreamworks-pictures/logos/white/7_white_1.png,https://<YOUR_CLOUDFLARE_DOMAIN>/studios/dreamworks-pictures/logo.png,SUCCESS
Studios,DreamWorks Pictures,heroBackdropUrl,backdrop,studios/dreamworks-pictures/backdrop.jpg,studios__dreamworks-pictures__backdrop.jpg,385.4,https://raw.githubusercontent.com/bramst0ne/prism-wallpapers/main/collections/companies/7-dreamworks-pictures/backdrops/t2_flat_1080p.jpg,https://<YOUR_CLOUDFLARE_DOMAIN>/studios/dreamworks-pictures/backdrop.jpg,SUCCESS
Studios,Focus Features,coverImageUrl,cover,studios/focus-features/cover.jpg,studios__focus-features__cover.jpg,15.48,https://cdn2.nbcuni.com/NBCUniversal/styles/newsroom_stories_16_9_image_style/s3/2026-03/Untitled%20design%20%2810%29.jpg?VersionId=WLTG9zL_wpyJ62As0LwNmdNG4oF5JPAu&h=d1cb525d&itok=0JSMP23S,https://<YOUR_CLOUDFLARE_DOMAIN>/studios/focus-features/cover.jpg,SUCCESS
Studios,Focus Features,titleLogoUrl,logo,studios/focus-features/logo.png,studios__focus-features__logo.png,72.55,https://raw.githubusercontent.com/ImKaptain/nuvio-assets/main/collections/companies/10146-focus-features/logos/color/10146_color_1.png,https://<YOUR_CLOUDFLARE_DOMAIN>/studios/focus-features/logo.png,SUCCESS
Studios,Focus Features,heroBackdropUrl,backdrop,studios/focus-features/backdrop.jpg,studios__focus-features__backdrop.jpg,344.12,https://raw.githubusercontent.com/ImKaptain/nuvio-assets/main/collections/companies/10146-focus-features/backdrops/t2_flat_1080p.jpg,https://<YOUR_CLOUDFLARE_DOMAIN>/studios/focus-features/backdrop.jpg,SUCCESS
Studios,Illumination,coverImageUrl,cover,studios/illumination/cover.webp,studios__illumination__cover.webp,9.04,https://imkaptain.github.io/nuvio-assets/assets/images/07b05be8.webp,https://<YOUR_CLOUDFLARE_DOMAIN>/studios/illumination/cover.webp,SUCCESS
Studios,Illumination,titleLogoUrl,logo,studios/illumination/logo.png,studios__illumination__logo.png,56.3,https://raw.githubusercontent.com/bramst0ne/prism-wallpapers/main/collections/companies/6704-illumination/logos/white/6704_white_1.png,https://<YOUR_CLOUDFLARE_DOMAIN>/studios/illumination/logo.png,SUCCESS
Studios,Illumination,heroBackdropUrl,backdrop,studios/illumination/backdrop.jpg,studios__illumination__backdrop.jpg,420.31,https://raw.githubusercontent.com/bramst0ne/prism-wallpapers/main/collections/companies/6704-illumination/backdrops/t2_flat_1080p.jpg,https://<YOUR_CLOUDFLARE_DOMAIN>/studios/illumination/backdrop.jpg,SUCCESS
Studios,Lionsgate,coverImageUrl,cover,studios/lionsgate/cover.webp,studios__lionsgate__cover.webp,15.73,https://imkaptain.github.io/nuvio-assets/assets/images/f878e71e.webp,https://<YOUR_CLOUDFLARE_DOMAIN>/studios/lionsgate/cover.webp,SUCCESS
Studios,Lionsgate,titleLogoUrl,logo,studios/lionsgate/logo.webp,studios__lionsgate__logo.webp,9.36,https://imkaptain.github.io/nuvio-assets/assets/images/1a3665ce.webp,https://<YOUR_CLOUDFLARE_DOMAIN>/studios/lionsgate/logo.webp,SUCCESS
Studios,Lionsgate,heroBackdropUrl,backdrop,studios/lionsgate/backdrop.jpg,studios__lionsgate__backdrop.jpg,381.4,https://raw.githubusercontent.com/bramst0ne/prism-wallpapers/main/collections/companies/1632-lionsgate/backdrops/t2_flat_1080p.jpg,https://<YOUR_CLOUDFLARE_DOMAIN>/studios/lionsgate/backdrop.jpg,SUCCESS
Studios,Lucasfilm Ltd.,coverImageUrl,cover,studios/lucasfilm-ltd/cover.webp,studios__lucasfilm-ltd__cover.webp,10.67,https://imkaptain.github.io/nuvio-assets/assets/images/ff1124ea.webp,https://<YOUR_CLOUDFLARE_DOMAIN>/studios/lucasfilm-ltd/cover.webp,SUCCESS
Studios,Lucasfilm Ltd.,titleLogoUrl,logo,studios/lucasfilm-ltd/logo.webp,studios__lucasfilm-ltd__logo.webp,37.54,https://imkaptain.github.io/nuvio-assets/assets/images/61c42f64.webp,https://<YOUR_CLOUDFLARE_DOMAIN>/studios/lucasfilm-ltd/logo.webp,SUCCESS
Studios,Lucasfilm Ltd.,heroBackdropUrl,backdrop,studios/lucasfilm-ltd/backdrop.jpg,studios__lucasfilm-ltd__backdrop.jpg,409.77,https://raw.githubusercontent.com/bramst0ne/prism-wallpapers/main/collections/companies/1-lucasfilm-ltd/backdrops/t2_flat_1080p.jpg,https://<YOUR_CLOUDFLARE_DOMAIN>/studios/lucasfilm-ltd/backdrop.jpg,SUCCESS
Studios,Marvel Studios,coverImageUrl,cover,studios/marvel-studios/cover.webp,studios__marvel-studios__cover.webp,10.59,https://imkaptain.github.io/nuvio-assets/assets/images/67a54fdf.webp,https://<YOUR_CLOUDFLARE_DOMAIN>/studios/marvel-studios/cover.webp,SUCCESS
Studios,Marvel Studios,titleLogoUrl,logo,studios/marvel-studios/logo.png,studios__marvel-studios__logo.png,70.92,https://raw.githubusercontent.com/bramst0ne/prism-wallpapers/main/collections/companies/420-marvel-studios/logos/color/420_color_1.png,https://<YOUR_CLOUDFLARE_DOMAIN>/studios/marvel-studios/logo.png,SUCCESS
Studios,Marvel Studios,heroBackdropUrl,backdrop,studios/marvel-studios/backdrop.jpg,studios__marvel-studios__backdrop.jpg,423.9,https://raw.githubusercontent.com/bramst0ne/prism-wallpapers/main/collections/companies/420-marvel-studios/backdrops/t2_flat_1080p.jpg,https://<YOUR_CLOUDFLARE_DOMAIN>/studios/marvel-studios/backdrop.jpg,SUCCESS
Studios,MGM,coverImageUrl,cover,studios/mgm/cover.webp,studios__mgm__cover.webp,18.45,https://imkaptain.github.io/nuvio-assets/assets/images/434d7008.webp,https://<YOUR_CLOUDFLARE_DOMAIN>/studios/mgm/cover.webp,SUCCESS
Studios,MGM,titleLogoUrl,logo,studios/mgm/logo.png,studios__mgm__logo.png,1492.62,https://raw.githubusercontent.com/bramst0ne/prism-wallpapers/main/collections/companies/21-metro-goldwyn-mayer/logos/color/21_color_1.png,https://<YOUR_CLOUDFLARE_DOMAIN>/studios/mgm/logo.png,SUCCESS
Studios,MGM,heroBackdropUrl,backdrop,studios/mgm/backdrop.jpg,studios__mgm__backdrop.jpg,420.08,https://raw.githubusercontent.com/bramst0ne/prism-wallpapers/main/collections/companies/21-metro-goldwyn-mayer/backdrops/t2_flat_1080p.jpg,https://<YOUR_CLOUDFLARE_DOMAIN>/studios/mgm/backdrop.jpg,SUCCESS
Studios,New Line Cinema,coverImageUrl,cover,studios/new-line-cinema/cover.png,studios__new-line-cinema__cover.png,460.86,https://raw.githubusercontent.com/ImKaptain/nuvio-art/main/art/streaming-services/new-line-cinema/new-line-cinema-cover.png,https://<YOUR_CLOUDFLARE_DOMAIN>/studios/new-line-cinema/cover.png,SUCCESS
Studios,New Line Cinema,titleLogoUrl,logo,studios/new-line-cinema/logo.webp,studios__new-line-cinema__logo.webp,1.29,https://imkaptain.github.io/nuvio-assets/assets/images/8b14f5c3.webp,https://<YOUR_CLOUDFLARE_DOMAIN>/studios/new-line-cinema/logo.webp,SUCCESS
Studios,New Line Cinema,heroBackdropUrl,backdrop,studios/new-line-cinema/backdrop.png,studios__new-line-cinema__backdrop.png,460.86,https://raw.githubusercontent.com/ImKaptain/nuvio-art/main/art/streaming-services/new-line-cinema/new-line-cinema-cover.png,https://<YOUR_CLOUDFLARE_DOMAIN>/studios/new-line-cinema/backdrop.png,SUCCESS
Studios,Paramount Pictures,coverImageUrl,cover,studios/paramount-pictures/cover.webp,studios__paramount-pictures__cover.webp,9.75,https://imkaptain.github.io/nuvio-assets/assets/images/f0b7cba7.webp,https://<YOUR_CLOUDFLARE_DOMAIN>/studios/paramount-pictures/cover.webp,SUCCESS
Studios,Paramount Pictures,titleLogoUrl,logo,studios/paramount-pictures/logo.webp,studios__paramount-pictures__logo.webp,33.16,https://imkaptain.github.io/nuvio-assets/assets/images/5b28dc9b.webp,https://<YOUR_CLOUDFLARE_DOMAIN>/studios/paramount-pictures/logo.webp,SUCCESS
Studios,Paramount Pictures,heroBackdropUrl,backdrop,studios/paramount-pictures/backdrop.jpg,studios__paramount-pictures__backdrop.jpg,417.83,https://raw.githubusercontent.com/bramst0ne/prism-wallpapers/main/collections/companies/4-paramount-pictures/backdrops/t2_flat_1080p.jpg,https://<YOUR_CLOUDFLARE_DOMAIN>/studios/paramount-pictures/backdrop.jpg,SUCCESS
Studios,Pixar,coverImageUrl,cover,studios/pixar/cover.webp,studios__pixar__cover.webp,3.0,https://imkaptain.github.io/nuvio-assets/assets/images/01ca52c7.webp,https://<YOUR_CLOUDFLARE_DOMAIN>/studios/pixar/cover.webp,SUCCESS
Studios,Pixar,titleLogoUrl,logo,studios/pixar/logo.webp,studios__pixar__logo.webp,9.16,https://imkaptain.github.io/nuvio-assets/assets/images/5467bf25.webp,https://<YOUR_CLOUDFLARE_DOMAIN>/studios/pixar/logo.webp,SUCCESS
Studios,Pixar,heroBackdropUrl,backdrop,studios/pixar/backdrop.jpg,studios__pixar__backdrop.jpg,415.45,https://raw.githubusercontent.com/bramst0ne/prism-wallpapers/main/collections/companies/3-pixar/backdrops/t2_flat_1080p.jpg,https://<YOUR_CLOUDFLARE_DOMAIN>/studios/pixar/backdrop.jpg,SUCCESS
Studios,Searchlight Pictures,coverImageUrl,cover,studios/searchlight-pictures/cover.webp,studios__searchlight-pictures__cover.webp,36.25,https://static.wikitide.net/avidwiki/thumb/f/f8/Searchlight_Pictures_logo.png/1067px-Searchlight_Pictures_logo.png,https://<YOUR_CLOUDFLARE_DOMAIN>/studios/searchlight-pictures/cover.webp,SUCCESS
Studios,Searchlight Pictures,titleLogoUrl,logo,studios/searchlight-pictures/logo.png,studios__searchlight-pictures__logo.png,47.56,https://raw.githubusercontent.com/ImKaptain/nuvio-assets/main/collections/companies/127929-searchlight-pictures/logos/color/127929_color_1.png,https://<YOUR_CLOUDFLARE_DOMAIN>/studios/searchlight-pictures/logo.png,SUCCESS
Studios,Searchlight Pictures,heroBackdropUrl,backdrop,studios/searchlight-pictures/backdrop.jpg,studios__searchlight-pictures__backdrop.jpg,377.81,https://raw.githubusercontent.com/ImKaptain/nuvio-assets/main/collections/companies/127929-searchlight-pictures/backdrops/t2_flat_1080p.jpg,https://<YOUR_CLOUDFLARE_DOMAIN>/studios/searchlight-pictures/backdrop.jpg,SUCCESS
Studios,Sony Pictures,coverImageUrl,cover,studios/sony-pictures/cover.png,studios__sony-pictures__cover.png,249.37,https://raw.githubusercontent.com/bramst0ne/prism-wallpapers/refs/heads/main/collections/companies/34-sony-pictures/cards/dual_2d1d2d_231a3a_0e0914_0.3_0.5_0.7_0.5/card_34_color_1.png,https://<YOUR_CLOUDFLARE_DOMAIN>/studios/sony-pictures/cover.png,SUCCESS
Studios,Sony Pictures,titleLogoUrl,logo,studios/sony-pictures/logo.png,studios__sony-pictures__logo.png,73.75,https://raw.githubusercontent.com/ImKaptain/nuvio-assets/main/collections/companies/34-sony-pictures/logos/white/34_white_1.png,https://<YOUR_CLOUDFLARE_DOMAIN>/studios/sony-pictures/logo.png,SUCCESS
Studios,Sony Pictures,heroBackdropUrl,backdrop,studios/sony-pictures/backdrop.jpg,studios__sony-pictures__backdrop.jpg,386.4,https://raw.githubusercontent.com/ImKaptain/nuvio-assets/main/collections/companies/34-sony-pictures/backdrops/t2_flat_1080p.jpg,https://<YOUR_CLOUDFLARE_DOMAIN>/studios/sony-pictures/backdrop.jpg,SUCCESS
Studios,Studio Ghibli,coverImageUrl,cover,studios/studio-ghibli/cover.webp,studios__studio-ghibli__cover.webp,8.1,https://imkaptain.github.io/nuvio-assets/assets/images/5072d59e.webp,https://<YOUR_CLOUDFLARE_DOMAIN>/studios/studio-ghibli/cover.webp,SUCCESS
Studios,Studio Ghibli,titleLogoUrl,logo,studios/studio-ghibli/logo.png,studios__studio-ghibli__logo.png,269.02,https://raw.githubusercontent.com/bramst0ne/prism-wallpapers/main/collections/companies/10342-studio-ghibli/logos/color/10342_color_1.png,https://<YOUR_CLOUDFLARE_DOMAIN>/studios/studio-ghibli/logo.png,SUCCESS
Studios,Studio Ghibli,heroBackdropUrl,backdrop,studios/studio-ghibli/backdrop.jpg,studios__studio-ghibli__backdrop.jpg,408.75,https://raw.githubusercontent.com/bramst0ne/prism-wallpapers/main/collections/companies/10342-studio-ghibli/backdrops/t2_flat_1080p.jpg,https://<YOUR_CLOUDFLARE_DOMAIN>/studios/studio-ghibli/backdrop.jpg,SUCCESS
Studios,Universal Pictures,coverImageUrl,cover,studios/universal-pictures/cover.webp,studios__universal-pictures__cover.webp,4.06,https://imkaptain.github.io/nuvio-assets/assets/images/50e0231c.webp,https://<YOUR_CLOUDFLARE_DOMAIN>/studios/universal-pictures/cover.webp,SUCCESS
Studios,Universal Pictures,titleLogoUrl,logo,studios/universal-pictures/logo.png,studios__universal-pictures__logo.png,209.39,https://raw.githubusercontent.com/bramst0ne/prism-wallpapers/main/collections/companies/33-universal-pictures/logos/color/33_color_1.png,https://<YOUR_CLOUDFLARE_DOMAIN>/studios/universal-pictures/logo.png,SUCCESS
Studios,Universal Pictures,heroBackdropUrl,backdrop,studios/universal-pictures/backdrop.jpg,studios__universal-pictures__backdrop.jpg,395.52,https://raw.githubusercontent.com/bramst0ne/prism-wallpapers/main/collections/companies/33-universal-pictures/backdrops/t2_flat_1080p.jpg,https://<YOUR_CLOUDFLARE_DOMAIN>/studios/universal-pictures/backdrop.jpg,SUCCESS
Studios,Walt Disney Studio,coverImageUrl,cover,studios/walt-disney-studio/cover.webp,studios__walt-disney-studio__cover.webp,9.89,https://imkaptain.github.io/nuvio-assets/assets/images/399ea613.webp,https://<YOUR_CLOUDFLARE_DOMAIN>/studios/walt-disney-studio/cover.webp,SUCCESS
Studios,Walt Disney Studio,titleLogoUrl,logo,studios/walt-disney-studio/logo.webp,studios__walt-disney-studio__logo.webp,46.05,"https://media.themoviedb.org/t/p/h100_filter(negate,000,666)/8bH86UPmMP8hlITzXV3XgV9eaAc.png",https://<YOUR_CLOUDFLARE_DOMAIN>/studios/walt-disney-studio/logo.webp,SUCCESS
Studios,Walt Disney Studio,heroBackdropUrl,backdrop,studios/walt-disney-studio/backdrop.webp,studios__walt-disney-studio__backdrop.webp,173.35,https://imkaptain.github.io/nuvio-assets/assets/images/c0f5a6ef.webp,https://<YOUR_CLOUDFLARE_DOMAIN>/studios/walt-disney-studio/backdrop.webp,SUCCESS
Studios,Warner Bros. Entertainment,coverImageUrl,cover,studios/warner-bros-entertainment/cover.webp,studios__warner-bros-entertainment__cover.webp,16.08,https://imkaptain.github.io/nuvio-assets/assets/images/532da5e0.webp,https://<YOUR_CLOUDFLARE_DOMAIN>/studios/warner-bros-entertainment/cover.webp,SUCCESS
Studios,Warner Bros. Entertainment,titleLogoUrl,logo,studios/warner-bros-entertainment/logo.webp,studios__warner-bros-entertainment__logo.webp,20.9,https://imkaptain.github.io/nuvio-assets/assets/images/0fef5ba4.webp,https://<YOUR_CLOUDFLARE_DOMAIN>/studios/warner-bros-entertainment/logo.webp,SUCCESS
Studios,Warner Bros. Entertainment,heroBackdropUrl,backdrop,studios/warner-bros-entertainment/backdrop.webp,studios__warner-bros-entertainment__backdrop.webp,157.76,https://imkaptain.github.io/nuvio-assets/assets/images/91b18b9b.webp,https://<YOUR_CLOUDFLARE_DOMAIN>/studios/warner-bros-entertainment/backdrop.webp,SUCCESS
Anime,Discover Anime,coverImageUrl,cover,anime/discover-anime/cover.jpg,anime__discover-anime__cover.jpg,405.18,https://raw.githubusercontent.com/ImKaptain/nuvio-art/main/art/anime/discover-anime/discover-anime-cover.png,https://<YOUR_CLOUDFLARE_DOMAIN>/anime/discover-anime/cover.jpg,SUCCESS
Anime,Discover Anime,focusGifUrl,hover,anime/discover-anime/hover.jpg,anime__discover-anime__hover.jpg,477.22,https://raw.githubusercontent.com/ImKaptain/nuvio-art/main/art/anime/discover-anime/discover-anime-hover.gif,https://<YOUR_CLOUDFLARE_DOMAIN>/anime/discover-anime/hover.jpg,SUCCESS
Anime,Discover Anime,heroBackdropUrl,backdrop,anime/discover-anime/backdrop.jpg,anime__discover-anime__backdrop.jpg,1465.86,https://raw.githubusercontent.com/ImKaptain/nuvio-art/main/art/anime/discover-anime/discover-anime-backdrop.jpg,https://<YOUR_CLOUDFLARE_DOMAIN>/anime/discover-anime/backdrop.jpg,SUCCESS
Anime,Studio Spotlight,coverImageUrl,cover,anime/studio-spotlight/cover.jpg,anime__studio-spotlight__cover.jpg,324.28,https://raw.githubusercontent.com/ImKaptain/nuvio-art/main/art/anime/studio-spotlight/studio-spotlight-cover.png,https://<YOUR_CLOUDFLARE_DOMAIN>/anime/studio-spotlight/cover.jpg,SUCCESS
Anime,Studio Spotlight,focusGifUrl,hover,anime/studio-spotlight/hover.jpg,anime__studio-spotlight__hover.jpg,396.84,https://raw.githubusercontent.com/ImKaptain/nuvio-art/main/art/anime/studio-spotlight/studio-spotlight-hover.gif,https://<YOUR_CLOUDFLARE_DOMAIN>/anime/studio-spotlight/hover.jpg,SUCCESS
Anime,Studio Spotlight,heroBackdropUrl,backdrop,anime/studio-spotlight/backdrop.jpg,anime__studio-spotlight__backdrop.jpg,1558.8,https://raw.githubusercontent.com/ImKaptain/nuvio-art/main/art/anime/studio-spotlight/studio-spotlight-backdrop.jpg,https://<YOUR_CLOUDFLARE_DOMAIN>/anime/studio-spotlight/backdrop.jpg,SUCCESS
Anime,Slice of Life & Romance,coverImageUrl,cover,anime/slice-of-life-and-romance/cover.jpg,anime__slice-of-life-and-romance__cover.jpg,237.92,https://raw.githubusercontent.com/ImKaptain/nuvio-art/main/art/anime/slice-of-life-and-romance/slice-of-life-and-romance-cover.png,https://<YOUR_CLOUDFLARE_DOMAIN>/anime/slice-of-life-and-romance/cover.jpg,SUCCESS
Anime,Slice of Life & Romance,focusGifUrl,hover,anime/slice-of-life-and-romance/hover.jpg,anime__slice-of-life-and-romance__hover.jpg,330.32,https://raw.githubusercontent.com/ImKaptain/nuvio-art/main/art/anime/slice-of-life-and-romance/slice-of-life-and-romance-hover.gif,https://<YOUR_CLOUDFLARE_DOMAIN>/anime/slice-of-life-and-romance/hover.jpg,SUCCESS
Anime,Slice of Life & Romance,heroBackdropUrl,backdrop,anime/slice-of-life-and-romance/backdrop.jpg,anime__slice-of-life-and-romance__backdrop.jpg,1592.99,https://raw.githubusercontent.com/ImKaptain/nuvio-art/main/art/anime/slice-of-life-and-romance/slice-of-life-and-romance-backdrop.jpg,https://<YOUR_CLOUDFLARE_DOMAIN>/anime/slice-of-life-and-romance/backdrop.jpg,SUCCESS
